gene_set,term,p,adj,combined,n_genes,genes
GTEx_Tissue_Expression_Up,GTEX-XYKS-1826-SM-4E3JV adipose tissue female 60-69 years,2.7729485386289306e-10,5.942150950170743e-07,94.89784220408421,31,IGHM;ACSS2;LAMA2;TSHZ2;IGHV4-34;IGLV3-1;BARX1;FBLN2;IGLV2-8;IGLV3-25
GTEx_Tissue_Expression_Up,GTEX-RWS6-1926-SM-47JXY breast female 60-69 years,4.085356445631312e-10,5.942150950170743e-07,89.33473807202209,32,RAMP2;LAMA2;MCM9;TSHZ2;WDR20;DPT;BARX1;LRP6;IGLV2-8;SCUBE2
GTEx_Tissue_Expression_Up,GTEX-P78B-1726-SM-3P5ZV colon female 40-49 years,2.945648695359624e-09,2.856297351600382e-06,80.19497202466982,29,IGHM;ARHGEF26;IGHV4-34;DPT;IGLV3-1;ABO;IGLV2-8;SCUBE2;IGLV3-25;IGHG4
GTEx_Tissue_Expression_Up,GTEX-X4LF-1726-SM-3NMBZ adipose tissue male 50-59 years,1.0288527630999816e-08,7.4823317196446165e-06,77.02471902734612,26,RAMP2;PLEKHH2;PLEKHF1;LAMA2;SHOX2;DPT;FBLN2;IGHG4;IGHG2;RAI2
GTEx_Tissue_Expression_Up,GTEX-Q2AG-0226-SM-2S1P4 adipose tissue female 40-49 years,3.148309844489349e-08,1.831686667523903e-05,59.96540790286382,31,RAMP2;COL15A1;PLEKHH2;ACSS2;SEMA3C;TSHZ2;DPT;MEOX2;ADAMTS12;NR3C1
GTEx_Tissue_Expression_Up,GTEX-T6MN-0226-SM-32PMD adipose tissue male 50-59 years,4.640696884041327e-08,2.2499645392793698e-05,63.41414205449347,27,RAMP2;COL15A1;SEMA3C;CAB39L;TSHZ2;DPT;MEOX2;NR3C1;FBLN2;CYP26B1
GTEx_Tissue_Expression_Up,GTEX-PX3G-1426-SM-48U1J colon female 20-29 years,1.395262574801249e-07,5.7983126144240477e-05,54.508918992558925,28,ACSS2;IGHV4-34;DPT;IGLV3-1;ABO;IGLV2-8;SCUBE2;HOXA-AS3;IGLV3-25;IGLV1-40
GTEx_Tissue_Expression_Up,GTEX-XMK1-1126-SM-4IHJ8 breast male 40-49 years,1.6899665548396695e-07,5.807164785475247e-05,52.071727284479934,29,RAMP2;COL15A1;ACSS2;PLEKHF1;DPT;CCDC107;F11R;ADAMTS12;TRHDE;GNAI1
GTEx_Tissue_Expression_Up,GTEX-WVLH-0226-SM-3MJG6 adipose tissue male 50-59 years,1.8025657305680312e-07,5.807164785475247e-05,55.70319841421216,26,RAMP2;COL15A1;ACSS2;SEMA3C;DPT;MEOX2;ADAMTS12;NR3C1;FBLN2;PALMD
GTEx_Tissue_Expression_Up,GTEX-WH7G-1326-SM-4LVMS colon male 40-49 years,1.9969627890054054e-07,5.807164785475247e-05,55.021477276356286,26,ACSS2;CAB39L;IGLV3-1;GBA2;ABO;CLYBL;IGLV2-8;IGLV3-25;IGLV1-40;IGLV6-57
GTEx_Tissue_Expression_Up,GTEX-PWCY-1926-SM-3NB25 adipose tissue female 20-29 years,2.19590280647053e-07,5.807164785475247e-05,51.68920994865614,28,RAMP2;COL15A1;PDE1B;WDR20;CCDC107;ADAMTS12;NR3C1;FBLN2;TRHDE;GNAI1
GTEx_Tissue_Expression_Up,GTEX-PWN1-0226-SM-2S1OZ adipose tissue female 40-49 years,2.5750923864118686e-07,6.242453126726771e-05,48.515009787160274,30,RAMP2;ACSS2;PLEKHF1;CAB39L;TSHZ2;CCDC107;ADAMTS12;FBLN2;GNAI1;SCUBE2
GTEx_Tissue_Expression_Up,GTEX-U4B1-1726-SM-3DB9F adipose tissue male 40-49 years,2.852699156810052e-07,6.383462959354185e-05,54.17680241941952,25,RAMP2;ACSS2;PDE1B;TRHDE;GNAI1;GLIS1;CYP26B1;PALMD;PALM;GPC3
GTEx_Tissue_Expression_Up,GTEX-V955-2026-SM-3GAFA breast male 60-69 years,3.786440144526122e-07,7.867681700304636e-05,46.35863277673702,30,RAMP2;ACSS2;WDR20;DPT;ADAMTS12;TRHDE;GNAI1;SCUBE2;CYP26B1;PALMD
GTEx_Tissue_Expression_Up,GTEX-XAJ8-0926-SM-47JXZ adipose tissue male 40-49 years,4.1392830788687293e-07,8.027449650952755e-05,54.96231494196351,23,TCF7L2;RAMP2;GSN;PLEKHF1;ANXA5;SHOX2;DPT;CCDC107;F3;FBLN2
GTEx_Tissue_Expression_Up,GTEX-S341-1626-SM-3K2B8 adipose tissue female 40-49 years,6.106458531945024e-07,0.00010692609983887341,43.765553472465506,30,RAMP2;COL15A1;ACSS2;CAB39L;DPT;ADAMTS12;NR3C1;GNAI1;SCUBE2;TMEM43
GTEx_Tissue_Expression_Up,GTEX-WL46-0326-SM-3LK6Y adipose tissue male 50-59 years,6.24868923087263e-07,0.00010692609983887341,46.60440816044016,27,RAMP2;COL15A1;SEMA3C;OGG1;TSHZ2;SHOX2;MEOX2;NR3C1;FBLN2;ROBO1
GTEx_Tissue_Expression_Up,GTEX-WHWD-0826-SM-3LK6R adipose tissue male 50-59 years,9.540298168065573e-07,0.00015418181872723752,45.25115649393645,26,RAMP2;LAMA2;SEMA3C;PDE1B;OGG1;TSHZ2;MEOX2;BARX1;TRHDE;GNAI1
GTEx_Tissue_Expression_Up,GTEX-S33H-0326-SM-4AD6N breast male 30-39 years,1.0848405219582508e-06,0.00016609479359876587,41.58133919525833,29,RAMP2;COL15A1;ACSS2;SEMA3C;PDE1B;TSHZ2;DPT;F11R;MEOX2;ADAMTS12
GTEx_Tissue_Expression_Up,GTEX-PX3G-0226-SM-3NB2C adipose tissue female 20-29 years,1.2473903320218399e-06,0.0001814329237925766,38.62995243268262,32,RAMP2;COL15A1;PLEKHH2;ACSS2;SEMA3C;TSHZ2;ADAMTS12;NR3C1;FBLN2;TRHDE
GTEx_Tissue_Expression_Up,GTEX-S33H-1126-SM-2XCB6 adipose tissue male 30-39 years,1.6214127023332841e-06,0.0002246042643375011,36.77547598364727,33,COL15A1;ACSS2;SEMA3C;MCM9;TSHZ2;DPT;MEOX2;ADAMTS12;NR3C1;TRHDE
GTEx_Tissue_Expression_Up,GTEX-P78B-0226-SM-3NB1Z adipose tissue female 40-49 years,1.711796364748281e-06,0.00022634616477512496,44.137203841414845,24,GSDMB;GSN;ACSS2;CAV1;TSHZ2;EBF2;COPZ2;DPT;MEOX2;ADAMTS12
GO_Biological_Process_2023,Cardiac Pacemaker Cell Development (GO:0060926),1.9513724475964646e-07,0.0002335792819772968,2883.2382024838475,4,SHOX2;TBX5;TBX18;TBX3
GTEx_Tissue_Expression_Up,GTEX-QDVJ-1326-SM-48U1X colon male 50-59 years,2.7230311215170176e-06,0.0003444042405431741,45.36801908862345,21,IGHV5-51;GSDMB;COL15A1;IGKV1-5;IGHV4-34;DPT;GBA2;IGLV2-8;IGLV3-25;IGHG4
GTEx_Tissue_Expression_Up,GTEX-OHPK-0226-SM-3MJH6 adipose tissue female 50-59 years,2.8870466697981395e-06,0.0003499341151017828,39.02450409564338,26,RAMP2;ACSS2;PLEKHF1;ARHGEF26;LAMA2;CAB39L;NR3C1;GNAI1;GPC3;SLIT3
GTEx_Tissue_Expression_Up,GTEX-R55C-1626-SM-48FEG adipose tissue male 40-49 years,3.5910805678872765e-06,0.0004178581348793635,40.913914843721734,23,TCF7L2;RAMP2;GSN;ACSS2;LAMA2;CAV1;EBF2;WDR20;TRHDE;GNAI1
GTEx_Tissue_Expression_Up,GTEX-XGQ4-0926-SM-4AT4U breast male 50-59 years,4.325149908526699e-06,0.0004686162576375086,37.771835685036706,25,RAMP2;ACSS2;CCDC107;ADAMTS12;TRHDE;GNAI1;HOXA-AS3;CYP26B1;PALMD;NNAT
GTEx_Tissue_Expression_Up,GTEX-XMK1-2226-SM-4B673 adipose tissue male 40-49 years,4.431792090630341e-06,0.0004686162576375086,36.76007454599101,26,RAMP2;COL15A1;PLEKHH2;ACSS2;PDE1B;WDR20;F11R;MEOX2;NR3C1;TRHDE
GTEx_Tissue_Expression_Up,GTEX-WFON-2226-SM-3TW8W adipose tissue male 40-49 years,4.510572435149619e-06,0.0004686162576375086,42.09419133242723,21,TCF7L2;RAMP2;GSN;NEGR1;LAMA2;CAV1;SHOX2;SNX21;FBLN2;MFAP5
GTEx_Tissue_Expression_Up,GTEX-WY7C-0426-SM-3NB3C lung male 50-59 years,5.197211986323418e-06,0.0005066321734952491,35.93838857408035,26,IGHM;RAMP2;PLEKHH2;ACSS2;IGHV4-34;IGLV3-1;ADAMTS12;IGLV2-8;IGLV3-25;IGHG4
GTEx_Tissue_Expression_Up,GTEX-SNOS-0826-SM-4DM5N stomach male 40-49 years,5.224807564406144e-06,0.0005066321734952491,41.16952694378745,21,IGHM;IGHV5-51;IGHV3-30;IGKV1-5;IGHV4-34;IGLV3-1;BARX1;OASL;IGLV2-8;SCUBE2
GTEx_Tissue_Expression_Up,GTEX-WXYG-2226-SM-4E3IM breast female 50-59 years,5.770388909528062e-06,0.000529296897991331,36.238165081730706,25,RAMP2;ZNF197;LAMA2;MCM9;TSHZ2;DPT;LRP6;IGLV2-8;SCUBE2;IGLV2-14
GTEx_Tissue_Expression_Up,GTEX-P4QS-0226-SM-3NB1U adipose tissue male 60-69 years,5.822447829399309e-06,0.000529296897991331,37.10599928596881,24,SMIM14;TCF7L2;RAMP2;PLEKHH2;GSN;NEGR1;LAMA2;CAV1;TSHZ2;ANXA5
GTEx_Tissue_Expression_Up,GTEX-PWCY-1026-SM-48TD4 colon female 20-29 years,6.866879879229911e-06,0.0006053258657175701,33.12074558734234,28,IGHM;ACSS2;IGLV3-1;GBA2;ABO;OASL;IGLV2-8;HOXA-AS3;IGLV3-25;IGLV1-40
GTEx_Tissue_Expression_Up,GTEX-X4EP-0005-SM-3P5ZE blood female 60-69 years,7.1093251633108405e-06,0.0006082654970609187,43.90155991897135,18,IGHM;IGHV5-51;IGHV3-30;IGKV1-5;IGHV4-34;IGLV3-1;ASGR2;OASL;IGLV2-8;IGLV3-25
GTEx_Tissue_Expression_Up,GTEX-XUYS-0226-SM-47JX1 adipose tissue male 50-59 years,7.796726070493713e-06,0.0006480193182590346,35.53606912825263,24,GSDMB;RAMP2;COL15A1;GSN;MORC4;ACSS2;SEMA3C;CAV1;ANXA5;COPZ2
GTEx_Tissue_Expression_Up,GTEX-XQ3S-1326-SM-4BOPQ breast male 20-29 years,8.274218024354161e-06,0.0006686027842457294,34.373032723530415,25,RAMP2;COL15A1;ACSS2;DPT;MEOX2;ADAMTS12;NR3C1;TRHDE;SCUBE2;HOXA-AS3
GTEx_Tissue_Expression_Up,GTEX-P4PQ-0226-SM-2S1NK adipose tissue male 60-69 years,1.0744489713677332e-05,0.0008335860406428686,38.04654218293941,20,RAMP2;COL15A1;GSN;LAMA2;SEMA3C;TSHZ2;EBF2;COPZ2;ANXA11;F11R
GTEx_Tissue_Expression_Up,GTEX-OXRL-0226-SM-3NB18 adipose tissue male 50-59 years,1.089228962101004e-05,0.0008335860406428686,35.64650402611114,22,TCF7L2;RAMP2;GSN;PLEKHF1;LAMA2;CAV1;COPZ2;DPT;FBLN2;CPN2
GTEx_Tissue_Expression_Up,GTEX-S4P3-1526-SM-3K2AV adipose tissue female 50-59 years,1.1175612095246434e-05,0.0008335860406428686,34.531394703912206,23,TCF7L2;RAMP2;GSN;ACSS2;ANXA5;WDR20;ANXA11;SLC35G2;ADAMTS12;FBLN2
GTEx_Tissue_Expression_Up,GTEX-XGQ4-1226-SM-4AT67 colon male 50-59 years,1.2401684693326108e-05,0.0009019125193221411,35.9868191251818,21,IGHV5-51;GSDMB;COL15A1;ACSS2;ARHGEF26;IGKV1-5;ATP2B4;ABO;IGLV2-8;IGLV2-14
GTEx_Tissue_Expression_Up,GTEX-XUW1-0526-SM-4BOP3 adipose tissue female 50-59 years,1.6321949135630078e-05,0.0011543184263539228,33.435258563723345,22,TCF7L2;RAMP2;GSN;ACSS2;PLEKHF1;LAMA2;COPZ2;CCDC107;ADAMTS12;KLF15
GTEx_Tissue_Expression_Up,GTEX-XOT4-0226-SM-4B66Z adipose tissue female 60-69 years,1.666599309276891e-05,0.0011543184263539228,33.323499979735494,22,TCF7L2;COL15A1;PLEKHH2;ACSS2;CAV1;IGKV1-5;SHOX2;EBF2;COPZ2;DPT
GTEx_Tissue_Expression_Up,GTEX-S3XE-1626-SM-3K2AJ adipose tissue male 50-59 years,1.7252128527561448e-05,0.0011671265555040988,31.46538852958808,24,TCF7L2;RAMP2;GSN;LAMA2;PDE1B;CAV1;ANXA5;KLF15;F3;TRHDE
GTEx_Tissue_Expression_Up,GTEX-VJYA-1326-SM-3GIJC adipose tissue male 60-69 years,1.7988474354985526e-05,0.0011892834522421111,27.35587474419304,31,COL15A1;ACSS2;SEMA3C;DPT;MEOX2;ADAMTS12;NR3C1;FBLN2;SCUBE2;EFEMP1
GTEx_Tissue_Expression_Up,GTEX-N7MS-0326-SM-4E3K2 adipose tissue male 60-69 years,1.9291550281596825e-05,0.0012470915504258924,31.689019193886804,23,TCF7L2;RAMP2;COL15A1;CAV1;EBF2;COPZ2;SNX21;MEOX2;NR3C1;F3
GTEx_Tissue_Expression_Up,GTEX-OXRK-0326-SM-3NB3R adipose tissue female 50-59 years,2.0070131923530045e-05,0.001269217690555411,32.33747967686297,22,TCF7L2;RAMP2;GSN;PLEKHF1;NEGR1;LAMA2;CAV1;SHOX2;MEOX2;NR3C1
GTEx_Tissue_Expression_Up,GTEX-WFJO-1926-SM-3GILA adipose tissue male 30-39 years,2.345026351571731e-05,0.0014420060923880501,30.707091774082222,23,TCF7L2;RAMP2;GSN;ACSS2;NEGR1;LAMA2;CAB39L;CAV1;ANXA5;EBF2
GTEx_Tissue_Expression_Up,GTEX-WL46-0426-SM-3TW8J nerve male 50-59 years,2.379384408203039e-05,0.0014420060923880501,32.357755796166266,21,GSTM2;RAMP2;COL15A1;GSN;MORC4;ACSS2;NEGR1;CAB39L;SHOX2;EBF2
GTEx_Tissue_Expression_Up,GTEX-XBED-1526-SM-4AT5W colon male 60-69 years,2.4668559932644052e-05,0.0014645069560012562,26.093545688482106,31,IGHM;ACSS2;IGHV4-34;IGLV3-1;GBA2;ABO;OASL;IGLV2-8;HOXA-AS3;IGLV3-25
GTEx_Tissue_Expression_Up,GTEX-VJYA-2026-SM-4KL1K colon male 60-69 years,2.5417032985761648e-05,0.0014787629791116128,27.775884676613774,27,ACSS2;IGHV4-34;IGLV3-1;F11R;GBA2;ABO;IGLV2-8;HOXA-AS3;IGLV1-40;IGLV6-57
GTEx_Tissue_Expression_Up,GTEX-WFON-1426-SM-4LVMT colon male 40-49 years,2.599345405651913e-05,0.0014826462323610616,25.5175851689232,32,IGHM;ACSS2;IGHV4-34;IGLV3-1;GBA2;ABO;CLYBL;IGLV2-8;HOXA-AS3;IGLV3-25
GTEx_Tissue_Expression_Up,GTEX-P4QT-0226-SM-3LK68 adipose tissue female 50-59 years,2.697274262037909e-05,0.0015089174669746686,31.685754253483655,21,TCF7L2;RAMP2;PLEKHH2;GSN;NEGR1;LAMA2;SHOX2;COG1;DPT;KLF15
GTEx_Tissue_Expression_Up,GTEX-XUZC-1826-SM-4BRVO adipose tissue female 30-39 years,2.997941392548036e-05,0.0016454738699853276,30.26782040239762,22,RAMP2;GSN;PLEKHF1;CAB39L;CAV1;ANXA5;COPZ2;DPT;CCDC107;KLF15
GTEx_Tissue_Expression_Up,GTEX-XLM4-0008-SM-4AT4W skin male 60-69 years,3.089922251959077e-05,0.0016645525612868435,28.03055604045363,25,SEC23A;COL15A1;LAMA2;SEMA3C;TSHZ2;SHOX2;DPT;ADAMTS12;FBLN2;ROBO1
GTEx_Tissue_Expression_Up,GTEX-SSA3-0226-SM-32QPN adipose tissue male 60-69 years,3.400457511166497e-05,0.0017606641732374273,26.05370026416513,28,RAMP2;COL15A1;PLEKHH2;SEMA3C;SDC2;DPT;MEOX2;ADAMTS12;NR3C1;FBLN2
GTEx_Tissue_Expression_Up,GTEX-XBEC-0326-SM-4AT4M adipose tissue male 50-59 years,3.444273021062974e-05,0.0017606641732374273,26.982177489153198,26,RAMP2;COL15A1;PLEKHF1;LAMA2;SEMA3C;NR3C1;FBLN2;ROBO1;CYP26B1;PALM
GTEx_Tissue_Expression_Up,GTEX-UJHI-1626-SM-3DB9A adipose tissue female 50-59 years,3.449909174098775e-05,0.0017606641732374273,30.391142830834564,21,RAMP2;GSN;NEGR1;LAMA2;ANXA5;EBF2;COPZ2;ANXA11;F3;FBLN2
GTEx_Tissue_Expression_Up,GTEX-XGQ4-2626-SM-4AT6B salivary gland male 50-59 years,3.572947306349069e-05,0.001792017881753352,29.38784621969207,22,SMIM14;IGHV5-51;IGHV3-30;TSHZ2;IGKV1-5;IGHV4-34;IGLV3-1;LRP6;IGLV2-8;IGLV3-25
GTEx_Tissue_Expression_Up,GTEX-TMZS-0226-SM-3DB9N adipose tissue male 60-69 years,3.9285567402744195e-05,0.0019369782300776757,30.618274473155367,20,RAMP2;COL15A1;GSN;ACSS2;CAV1;TSHZ2;ANXA5;COPZ2;DPT;ANXA11
GTEx_Tissue_Expression_Up,GTEX-S7SE-0226-SM-2XCD4 adipose tissue male 50-59 years,4.265136294507125e-05,0.002067880246786871,24.7141315104585,29,METTL2B;RAMP2;COL15A1;PLEKHH2;ACSS2;SEMA3C;MCM9;TSHZ2;MEOX2;ADAMTS12
GTEx_Tissue_Expression_Up,GTEX-PLZ6-0926-SM-3P5ZQ colon male 30-39 years,4.409733912006221e-05,0.002102937040987885,25.434694931356354,27,ACSS2;IGHV4-34;IGLV3-1;GBA2;ABO;CLYBL;IGLV2-8;HOXA-AS3;IGLV3-25;IGLV1-40
GTEx_Tissue_Expression_Up,GTEX-T2IS-0226-SM-32QPH adipose tissue female 20-29 years,4.557743707027733e-05,0.0021384639425393024,25.7758217097712,26,COL15A1;SEMA3C;PDE1B;TSHZ2;WDR20;DPT;F11R;MEOX2;ADAMTS12;NR3C1
GTEx_Tissue_Expression_Up,GTEX-WFON-1826-SM-3GILG breast male 40-49 years,4.818842878460229e-05,0.002225081576736636,26.053769178665092,25,RAMP2;COL15A1;ACSS2;LAMA2;TSHZ2;DPT;ADAMTS12;FBLN2;TRHDE;GNAI1
GTEx_Tissue_Expression_Up,GTEX-VUSG-2426-SM-4KKZG adipose tissue male 50-59 years,4.934080458699718e-05,0.0022370878322241433,28.56527338252421,21,RAMP2;COL15A1;ACSS2;TSHZ2;ANXA5;EBF2;SLC35G2;MEOX2;ADAMTS12;FBLN2
GTEx_Tissue_Expression_Up,GTEX-S341-0626-SM-4AD5T stomach female 40-49 years,4.998649332917474e-05,0.0022370878322241433,24.487560265499294,28,IGHM;ACSS2;IGHV4-34;IGLV3-1;BARX1;GBA2;OASL;SCUBE2;IGLV3-25;IGHG4
GTEx_Tissue_Expression_Up,GTEX-S95S-1326-SM-2XCDK adipose tissue male 60-69 years,5.1367258426422146e-05,0.002264050829734273,30.14543495050441,19,TCF7L2;RAMP2;GSN;PLEKHF1;CAB39L;CAV1;CCDC107;KLF15;PARD3B;MFAP5
GTEx_Tissue_Expression_Up,GTEX-S3XE-1026-SM-4AD4O stomach male 50-59 years,5.2373670083527404e-05,0.0022739553175071823,25.692108631540126,25,IGHM;ACSS2;IGHV4-34;IGLV3-1;BARX1;IGLV2-8;SCUBE2;IGLV3-25;IGLV1-40;IGHG2
GTEx_Tissue_Expression_Up,GTEX-WEY5-1926-SM-3GIL8 adipose tissue female 40-49 years,5.3900988503210976e-05,0.00230585258170354,24.18703461737016,28,RAMP2;CAB39L;DPT;NR3C1;GNAI1;SCUBE2;GOLGA4;CYP26B1;PALMD;VTI1A
GTEx_Tissue_Expression_Up,GTEX-WH7G-2226-SM-3NMBN adipose tissue male 40-49 years,5.916079416382814e-05,0.0024585535746082295,28.471805350347942,20,TCF7L2;RAMP2;GSN;LAMA2;PDE1B;WDR20;KLF15;TRHDE;GNAI1;MFAP5
GTEx_Tissue_Expression_Up,GTEX-X3Y1-0926-SM-3P5YT adipose tissue male 40-49 years,5.916079416382814e-05,0.0024585535746082295,28.471805350347942,20,RAMP2;GSN;PLEKHF1;LAMA2;TSHZ2;DPT;BARX1;KLF15;F3;TRHDE
GTEx_Tissue_Expression_Up,GTEX-S341-2026-SM-2XCAA blood vessel female 40-49 years,6.119808532461403e-05,0.0025073976085817212,30.220371000338147,18,SMIM14;GSN;NEGR1;LAMA2;CAB39L;EBF2;MEOX2;PARD3B;MFAP5;TBX15
GTEx_Tissue_Expression_Up,GTEX-QMRM-1126-SM-447BN stomach male 50-59 years,8.802643967888338e-05,0.003513682525744538,27.291814344236318,19,IGHM;IGHV5-51;IGHV3-30;IGKV1-5;IGLV3-1;BARX1;SCUBE2;CXCL10;IGLV1-40;IGHG2
GTEx_Tissue_Expression_Up,GTEX-QLQW-0426-SM-447A7 colon male 30-39 years,8.817422632497466e-05,0.003513682525744538,21.311352951760888,31,IGHM;ACSS2;IGHV4-34;IGLV3-1;GBA2;ABO;CLYBL;OASL;IGLV2-8;HOXA-AS3
GTEx_Tissue_Expression_Up,GTEX-TML8-2026-SM-32QOP adipose tissue female 40-49 years,9.664997968145635e-05,0.0037118225123971547,22.6845036347137,26,RAMP2;ACSS2;MCM9;DPT;F11R;MEOX2;NR3C1;FBLN2;TRHDE;GNAI1
GTEx_Tissue_Expression_Up,GTEX-OHPL-0526-SM-3NM8U lung female 60-69 years,9.712229510053892e-05,0.0037118225123971547,25.287510607243608,21,IGHM;IGHV5-51;IGHV3-30;IGKV1-5;IGHV4-34;IGLV3-1;TBX5;IGLV2-8;IGLV3-25;CXCL10
GTEx_Tissue_Expression_Up,GTEX-W5WG-1426-SM-4KKZP thyroid female 50-59 years,9.801272186689372e-05,0.0037118225123971547,23.05824794887171,25,IGHM;RAMP2;SDC2;IGHV4-34;IGLV3-1;F11R;ABO;IGLV2-8;IGLV3-25;IGHG4
GTEx_Tissue_Expression_Up,GTEX-X4LF-0526-SM-3NMB6 lung male 50-59 years,9.825037244915122e-05,0.0037118225123971547,23.517661082110603,24,IGHM;IGHV5-51;PLEKHH2;ADHFE1;IGKV1-5;IGHV4-34;IGLV3-1;TBX5;IGLV2-8;IGLV3-25
GTEx_Tissue_Expression_Up,GTEX-S4P3-1826-SM-3K2AL blood vessel female 50-59 years,0.00012063325910409863,0.0044990019324849095,26.545408769423403,18,SMIM14;TCF7L2;SEC23A;NEGR1;CAB39L;SDC2;SHOX2;MEOX2;KLF15;TBX18
GTEx_Tissue_Expression_Up,GTEX-OXRK-0926-SM-2HMKP lung female 50-59 years,0.0001349810054050816,0.004970376515485853,22.675774840311835,23,IGHM;IGHV5-51;PLEKHH2;IGHV3-30;LAMA2;CAV1;IGKV1-5;IGHV4-34;IGLV3-1;IGLV2-8
GTEx_Tissue_Expression_Up,GTEX-TKQ2-1326-SM-4DXT9 colon male 50-59 years,0.00014303291991131918,0.005201034550275343,20.16579809695918,29,ACSS2;IGHV4-34;IGLV3-1;GBA2;ABO;CLYBL;OASL;IGLV2-8;HOXA-AS3;IGLV3-25
GTEx_Tissue_Expression_Up,GTEX-RVPU-2326-SM-2TF6R adipose tissue male 50-59 years,0.00015338676938104158,0.005508668050980864,20.538141979651453,27,RAMP2;PLEKHH2;LAMA2;CAB39L;MCM9;TSHZ2;SHOX2;DPT;FBLN2;GPC3
GTEx_Tissue_Expression_Up,GTEX-S4UY-0226-SM-3K2AP adipose tissue female 40-49 years,0.00016065836908427778,0.005631964531550479,24.300126025540987,19,TCF7L2;GSDMB;RAMP2;GSN;LAMA2;PDE1B;DPT;SLC35G2;F3;GNAI1
GTEx_Tissue_Expression_Up,GTEX-WFG8-1326-SM-4LVN3 stomach male 20-29 years,0.00016102083538530436,0.005631964531550479,19.21825601533077,31,IGHM;ACSS2;IGHV4-34;IGLV3-1;BARX1;GBA2;OASL;IGLV2-8;IGLV3-25;IGHG4
GTEx_Tissue_Expression_Up,GTEX-OHPK-2326-SM-3MJH2 fallopian tube female 50-59 years,0.0001626280579753318,0.005631964531550479,26.917516841593528,16,PLEKHF1;CAB39L;ADHFE1;SDC2;ATP2B4;DPT;KLF15;LRP6;ZNF16;IGHG4
GTEx_Tissue_Expression_Up,GTEX-P4PP-1426-SM-3NM9L colon female 30-39 years,0.00016560220094665346,0.0056674917947507645,19.938855375540935,28,IGHM;ACSS2;ABO;CLYBL;IGLV2-8;IGLV3-25;IGLV1-40;IGLV6-57;IGLV2-14;CA2
GO_Biological_Process_2023,B Cell Receptor Signaling Pathway (GO:0050853),9.668829631815285e-06,0.005786794534641448,162.8400966370101,6,IGHM;IGHG4;IGHG2;IGLC3;IGHD;IGHA2
MSigDB_Hallmark_2020,UV Response Dn,0.00017405742319562042,0.005917952388651095,48.09828896854761,8,EFEMP1;MMP16;SDC2;CAV1;ATP2B4;NR3C1;F3;CDON
GTEx_Tissue_Expression_Up,GTEX-PLZ6-1326-SM-3NB24 adipose tissue male 30-39 years,0.0001825044735999283,0.006173319926769667,21.426116885323403,23,TCF7L2;RAMP2;GSN;CAB39L;ADHFE1;CAV1;WDR20;CCDC107;SLC35G2;ADAMTS12
GTEx_Tissue_Expression_Up,GTEX-S341-1026-SM-4AD71 uterus female 40-49 years,0.00019034249636801616,0.006364440482006425,24.23350466192129,18,COL15A1;PLEKHH2;ATP2B4;TUBE1;CCDC107;MFAP5;SGCD;TMEM43;RRAS;LRRN4CL
GTEx_Tissue_Expression_Up,GTEX-XBED-2326-SM-47JYR adipose tissue male 60-69 years,0.00023030882628354064,0.007564506870049967,23.30367720549174,18,TCF7L2;RAMP2;COL15A1;GSN;ACSS2;CAV1;CCDC107;F3;FBLN2;PALMD
GTEx_Tissue_Expression_Up,GTEX-R55G-2426-SM-2TC5I adipose tissue female 40-49 years,0.00023347276479333937,0.007564506870049967,20.433829646281463,23,GSN;ACSS2;CAB39L;CAV1;TSHZ2;ANXA5;ATP2B4;COPZ2;DPT;CCDC107
GTEx_Tissue_Expression_Up,GTEX-UJHI-1426-SM-3DB9C breast female 50-59 years,0.00023403424486232282,0.007564506870049967,21.36441170197097,21,TCF7L2;RAMP2;TSHZ2;IGKV1-5;LRP6;IGLV2-8;SCUBE2;MFAP5;IGLV3-25;IGLV1-40
GTEx_Tissue_Expression_Up,GTEX-WFON-1526-SM-4LVMP small intestine male 40-49 years,0.0002436461252289278,0.007788643717482977,26.978543709623022,14,SEC23A;COL15A1;ARHGEF26;SEMA3C;CAB39L;NRXN3;ATP2B4;DPT;SGCD;CILP
GTEx_Tissue_Expression_Up,GTEX-OXRP-0226-SM-3NB14 adipose tissue female 60-69 years,0.0002535984559400581,0.007982639305671148,19.71056472842333,24,TCF7L2;COL15A1;ACSS2;SEMA3C;CAV1;TSHZ2;ANXA5;EBF2;COG1;SLC35G2
GTEx_Tissue_Expression_Up,GTEX-V955-1226-SM-4JBI9 esophagus male 60-69 years,0.00025746764389414335,0.007982639305671148,28.079762600557714,13,PLEKHF1;ARHGEF26;CAB39L;ADHFE1;NRXN3;ATP2B4;BARX1;KLF15;MFAP5;CILP
GTEx_Tissue_Expression_Up,GTEX-S7SF-0626-SM-4AD4V stomach female 20-29 years,0.00025794709341116803,0.007982639305671148,21.487048477333946,20,IGHV5-51;IGHV3-30;ARHGEF26;SEMA3C;CAB39L;IGKV1-5;ATP2B4;COG1;BARX1;IGLV2-8
GTEx_Tissue_Expression_Up,GTEX-Q2AH-1726-SM-3NB2B adipose tissue male 40-49 years,0.00026228804604382387,0.008031536062541934,20.882648495967505,21,COL15A1;GSN;SEMA3C;CAV1;TSHZ2;ANXA5;DPT;ANXA11;ADAMTS12;F3
GTEx_Tissue_Expression_Up,GTEX-OIZH-1526-SM-3NB1J stomach male 50-59 years,0.00027224471220710193,0.008249581956358953,23.260109509843122,17,SEC23A;COL15A1;ARHGEF26;CAB39L;NRXN3;ATP2B4;DPT;BARX1;HOXA-AS3;TFDP2
GTEx_Tissue_Expression_Up,GTEX-WEY5-0826-SM-4LMIH vagina female 40-49 years,0.0002940892419505492,0.008819645410661317,23.724638658636998,16,GSTM2;SEMA3C;ATP2B4;DPT;TRHDE;GLIS1;LRP6;MFAP5;RRAS;CILP
GTEx_Tissue_Expression_Up,GTEX-Q2AH-0626-SM-48TZJ blood vessel male 40-49 years,0.0003050565413847042,0.009055198764164333,24.50434576922829,15,IGHV5-51;COL15A1;IGKV1-5;IGHV4-34;IGLV3-1;IGLV3-25;CXCL10;IGHG4;IGLV1-40;EFEMP1
GTEx_Tissue_Expression_Up,GTEX-R55D-0326-SM-48FES adipose tissue male 50-59 years,0.0003115379645703007,0.009154181201363685,22.596563091704546,17,TCF7L2;RAMP2;GSN;ANXA5;SHOX2;EBF2;DPT;CCDC107;F3;GNAI1
GTEx_Tissue_Expression_Up,GTEX-P78B-1826-SM-3P5YX stomach female 40-49 years,0.000320666923407046,0.009328200801910968,17.63049579070341,28,IGHM;IGHV4-34;IGLV3-1;BARX1;ABO;IGLV2-8;IGLV3-25;IGHG4;IGLV1-40;IGHG2
GTEx_Tissue_Expression_Up,GTEX-S95S-0826-SM-4B64N stomach male 60-69 years,0.00033312728606394587,0.009594725496633847,19.89143302505131,21,IGHM;GSDMB;ACSS2;ADHFE1;IGKV1-5;BARX1;OASL;IGLV2-8;SCUBE2;IGLV3-25
GTEx_Tissue_Expression_Up,GTEX-VJYA-1026-SM-4KL21 stomach male 60-69 years,0.00034915457968358836,0.009957751689211359,19.69967224634649,21,IGHV5-51;GSDMB;IGHV3-30;IGKV1-5;IGHV4-34;IGLV3-1;BARX1;OASL;IGLV3-25;CXCL10
GTEx_Tissue_Expression_Up,GTEX-PLZ5-1826-SM-3NB22 adipose tissue male 50-59 years,0.0003534489403150494,0.009982358906567755,20.135173287333682,20,TCF7L2;PLEKHH2;GSN;NEGR1;LAMA2;ANXA5;SHOX2;DPT;KLF15;FBLN2
GTEx_Tissue_Expression_Up,GTEX-R53T-1526-SM-48FEK breast female 50-59 years,0.00036383534708220663,0.010176894467905184,18.708947799750106,23,TCF7L2;GSDMB;COL15A1;MORC4;ACSS2;CAV1;TSHZ2;DPT;SLC35G2;MEOX2
GTEx_Tissue_Expression_Up,GTEX-UPIC-1726-SM-4IHKG colon female 20-29 years,0.0003681300694716007,0.010198955924694157,16.32546559046387,32,IGHM;ACSS2;IGHV4-34;IGLV3-1;GBA2;ABO;CLYBL;IGLV2-8;HOXA-AS3;IGLV3-25
GTEx_Tissue_Expression_Up,GTEX-OHPM-0226-SM-3LK61 adipose tissue male 50-59 years,0.0003889630548394554,0.010674467231395996,22.3009133603719,16,TCF7L2;RAMP2;GSN;NEGR1;LAMA2;CAB39L;SHOX2;FBLN2;PARD3B;MFAP5
GTEx_Tissue_Expression_Up,GTEX-VJWN-0005-SM-3GIKF blood female 50-59 years,0.0003931926301690395,0.010679943572155579,18.06829125673368,24,IGHM;IGHV5-51;IGHV3-30;IGKV1-5;IGHV4-34;IGLV3-1;ASGR2;OASL;IGLV2-8;BAG6
GTEx_Tissue_Expression_Up,GTEX-X5EB-2426-SM-4E3HX adipose tissue male 40-49 years,0.00039650529590677295,0.010679943572155579,18.38378935633541,23,TCF7L2;RAMP2;PLEKHH2;GSN;PLEKHF1;NEGR1;LAMA2;TSHZ2;SHOX2;COPZ2
GTEx_Tissue_Expression_Up,GTEX-XUJ4-2526-SM-4BOO4 adipose tissue female 60-69 years,0.0004044676393047484,0.010794462043463422,20.677747465374654,18,RAMP2;GSN;DPT;ANXA11;CCDC107;F3;FBLN2;GNAI1;SCUBE2;TBX15
GTEx_Tissue_Expression_Up,GTEX-XV7Q-2626-SM-4BRVA adipose tissue female 40-49 years,0.0004218226249697723,0.011106016126837755,19.39720850374119,20,IGHM;PDE1B;TSHZ2;IGLV3-1;MEOX2;FBLN2;SCUBE2;IGHG4;CYP26B1;IGHG2
GTEx_Tissue_Expression_Up,GTEX-R53T-1626-SM-3GAEW adipose tissue female 50-59 years,0.00042377717087624297,0.011106016126837755,15.563717922789456,34,COL15A1;PLEKHH2;ACSS2;SEMA3C;MCM9;TSHZ2;DPT;MEOX2;ADAMTS12;NR3C1
GTEx_Tissue_Expression_Up,GTEX-WK11-2426-SM-3NMAA adipose tissue male 50-59 years,0.0004317258662551212,0.011213308436929888,18.06488189417346,23,RAMP2;COL15A1;SEMA3C;CAV1;TSHZ2;EBF2;COPZ2;DPT;NPIPP1;SLC35G2
GTEx_Tissue_Expression_Up,GTEX-W5WG-2426-SM-4LMI6 colon female 50-59 years,0.0004399370636239944,0.011325459452054865,16.35360737601712,29,ACSS2;IGHV4-34;IGLV3-1;GBA2;ABO;CLYBL;IGLV2-8;HOXA-AS3;IGLV1-40;IGLV6-57
GTEx_Tissue_Expression_Up,GTEX-R55D-1826-SM-48FEF colon male 50-59 years,0.00045125359802901724,0.011514883479529923,15.533870826107592,33,IGHM;ACSS2;IGHV4-34;IGLV3-1;GBA2;ABO;CLYBL;OASL;IGLV2-8;HOXA-AS3
GTEx_Tissue_Expression_Up,GTEX-SIU8-0226-SM-2XCDS adipose tissue male 50-59 years,0.0004604468560247013,0.011647303514572662,19.536343871810676,19,TCF7L2;COL15A1;GSN;CAV1;EBF2;MEOX2;NR3C1;FBLN2;GNAI1;SCUBE2
GTEx_Tissue_Expression_Up,GTEX-OXRP-0526-SM-2I3EW lung female 60-69 years,0.00048294326917474196,0.012050233437019093,17.649148131313233,23,IGHM;IGHV5-51;IGHV3-30;LAMA2;TSHZ2;ANXA5;IGKV1-5;IGHV4-34;IGLV3-1;TBX5
GTEx_Tissue_Expression_Up,GTEX-S4Q7-0826-SM-4AD5E colon male 20-29 years,0.000488671831092343,0.012050233437019093,16.016735639822436,29,IGHM;ACSS2;IGHV4-34;IGLV3-1;F11R;GBA2;ABO;CLYBL;IGLV2-8;IGLV3-25
GTEx_Tissue_Expression_Up,GTEX-SE5C-1526-SM-4BRWU colon female 40-49 years,0.0004888028688787395,0.012050233437019093,18.35565042674203,21,IGHV5-51;GSDMB;ACSS2;IGHV3-30;IGKV1-5;GBA2;ABO;CLYBL;IGLV2-8;IGLV6-57
GTEx_Tissue_Expression_Up,GTEX-SNMC-1326-SM-2XCFK adipose tissue male 20-29 years,0.0005359396970208594,0.013101248559946889,15.723399211070092,29,COL15A1;ACSS2;PDE1B;DPT;MEOX2;ADAMTS12;NR3C1;TRHDE;GNAI1;SCUBE2
GTEx_Tissue_Expression_Up,GTEX-PSDG-0326-SM-48TCP adipose tissue male 50-59 years,0.0005504708984880861,0.013340367829213821,18.78545598295743,19,TCF7L2;RAMP2;PLEKHH2;GSN;LAMA2;DPT;SLC35G2;MEOX2;TRHDE;GNAI1
GTEx_Tissue_Expression_Up,GTEX-X585-0008-SM-46MU4 skin male 50-59 years,0.0005596957111475617,0.013340367829213821,15.792132329711569,28,METTL2B;SEC23A;LAMA2;SEMA3C;SHOX2;DPT;ADAMTS12;FBLN2;EFEMP1;TMEM43
GTEx_Tissue_Expression_Up,GTEX-WFON-2526-SM-3LK7P blood vessel male 40-49 years,0.0005662281471540581,0.013340367829213821,21.257186412948798,15,GSN;CAB39L;ADHFE1;CCDC107;SNX21;MEOX2;KLF15;TBX18;PARD3B;DIAPH2
GTEx_Tissue_Expression_Up,GTEX-XAJ8-0226-SM-4GIB2 adipose tissue male 40-49 years,0.0005669529816098476,0.013340367829213821,17.779127575775945,21,GSN;ACSS2;TSHZ2;ANXA5;DPT;CCDC107;ADAMTS12;BARX1;KLF15;F3
GTEx_Tissue_Expression_Up,GTEX-Q2AH-1226-SM-48TZL colon male 40-49 years,0.0005686509490623973,0.013340367829213821,14.848187659906738,33,IGHM;ACSS2;IGHV4-34;IGLV3-1;GBA2;ABO;CLYBL;OASL;IGLV2-8;HOXA-AS3
GTEx_Tissue_Expression_Up,GTEX-PLZ5-1126-SM-3P613 colon male 50-59 years,0.0005807700596986307,0.013515680829306532,14.940472895161266,32,IGHM;ACSS2;IGHV4-34;IGLV3-1;GBA2;ABO;CLYBL;IGLV2-8;HOXA-AS3;IGLV3-25
GTEx_Tissue_Expression_Up,GTEX-WH7G-1526-SM-4LVMX stomach male 40-49 years,0.000606972279502983,0.014013352072017284,21.80813911806554,14,SEC23A;COL15A1;ARHGEF26;CAB39L;NRXN3;ATP2B4;CCDC107;BARX1;KLF15;RRAS
GTEx_Tissue_Expression_Up,GTEX-X638-0226-SM-47JZ9 adipose tissue female 70-79 years,0.0006334264479694659,0.014461942442682098,19.285196520605485,17,GSTM2;PLEKHH2;GSN;KLHDC1;SHOX2;EBF2;COPZ2;DPT;FBLN2;MFAP5
GTEx_Tissue_Expression_Up,GTEX-P4QS-1826-SM-2S1NI blood vessel male 60-69 years,0.000636345353270302,0.014461942442682098,19.91905967231439,16,TCF7L2;GSN;SHOX2;CCDC107;SNX21;KLF15;TBX18;PARD3B;TBX15;EPN2-AS1
GTEx_Tissue_Expression_Up,GTEX-XMD3-0008-SM-4AT4V skin female 50-59 years,0.0006450089734091807,0.014540956135715452,16.301877665390617,24,MORC4;LAMA2;SEMA3C;ANXA5;SHOX2;COPZ2;DPT;SNX21;ADAMTS12;FBLN2
GTEx_Tissue_Expression_Up,GTEX-WFON-1026-SM-4LVMD esophagus male 40-49 years,0.0006498192841674145,0.014540956135715452,22.487939712356923,13,SPRYD3;CAB39L;ADHFE1;DPT;BARX1;KLF15;GNAI1;DIAPH2;RRAS;CILP
GTEx_Tissue_Expression_Up,GTEX-OIZH-0226-SM-2YUMH adipose tissue male 50-59 years,0.0006904244357360897,0.015331638805773167,18.9033599608125,17,TCF7L2;RAMP2;COL15A1;GSN;LAMA2;TSHZ2;EBF2;MEOX2;FBLN2;SCUBE2
GTEx_Tissue_Expression_Up,GTEX-SNOS-1226-SM-4DM5H colon male 40-49 years,0.0007386396435125234,0.016278050931650988,15.335526169515072,26,IGHM;ACSS2;IGLV3-1;GBA2;CLYBL;OASL;IGLV2-8;IGLV3-25;IGHG4;IGLV1-40
GTEx_Tissue_Expression_Up,GTEX-SNOS-0526-SM-4DM54 bladder male 40-49 years,0.0007636633411589859,0.016702982401740524,13.506911705758926,37,CAB39L;MCM9;IGHV4-34;IGLV3-1;ABO;ROBO1;IGLV2-8;SCUBE2;IGLV3-25;IGHG4
GTEx_Tissue_Expression_Up,GTEX-S7SE-0826-SM-4AT4D breast male 50-59 years,0.0007719239948389821,0.016719850577704583,15.683276059838109,24,GSTM2;RAMP2;COL15A1;GSN;CAV1;TSHZ2;EBF2;COPZ2;DPT;SLC35G2
GTEx_Tissue_Expression_Up,GTEX-T6MO-1526-SM-4DM57 uterus female 40-49 years,0.0007759298136782807,0.016719850577704583,19.00319422661965,16,PLEKHH2;SEMA3C;ATP2B4;LRP6;MFAP5;TMEM43;RRAS;LRRN4CL;ZNF558;RSPO1
GO_Biological_Process_2023,Sinoatrial Node Development (GO:0003163),4.211189596119981e-05,0.016802646488518723,701.715021800704,3,SHOX2;TBX5;TBX18
GTEx_Tissue_Expression_Up,GTEX-O5YW-1826-SM-2YUN2 blood vessel male 50-59 years,0.0008237967785568093,0.017620770800159988,20.22583351238634,14,TCF7L2;GSN;PLEKHF1;LAMA2;SHOX2;COPZ2;KLF15;GLIS1;PARD3B;TBX15
GTEx_Tissue_Expression_Up,GTEX-O5YT-0226-SM-32PK5 adipose tissue male 20-29 years,0.0008418940225705425,0.01784659558841844,14.911197001853436,26,SEC23A;COL15A1;ARHGEF26;PDE1B;ADAMTS12;GNAI1;GOLGA4;PALMD;VTI1A;AP1M1
GTEx_Tissue_Expression_Up,GTEX-S4Z8-1726-SM-3K2AX adipose tissue male 60-69 years,0.0008466243352360758,0.01784659558841844,19.29095972310608,15,TCF7L2;ACSS2;LAMA2;CAB39L;CAV1;PARD3B;MFAP5;DIAPH2;TMEM43;CILP
GTEx_Tissue_Expression_Up,GTEX-WXYG-0926-SM-3NB2O adipose tissue female 50-59 years,0.000877733458532289,0.018369256337197326,18.446244554552628,16,RAMP2;GSN;NEGR1;LAMA2;EBF2;DPT;BARX1;GNAI1;SCUBE2;MFAP5
GTEx_Tissue_Expression_Up,GTEX-XQ8I-0526-SM-4BOPS adipose tissue male 50-59 years,0.0009888098201000178,0.020508327341544202,16.433941880011183,19,TCF7L2;RAMP2;GSN;TSHZ2;SHOX2;DPT;SNX21;MEOX2;F3;FBLN2
GTEx_Tissue_Expression_Up,GTEX-XOT4-0826-SM-4B66Y adipose tissue female 60-69 years,0.0009985228530547258,0.020508327341544202,15.666972887045954,21,GSTM2;PLEKHH2;GSN;SEMA3C;CAV1;TSHZ2;COPZ2;DPT;SLC35G2;MEOX2
GTEx_Tissue_Expression_Up,GTEX-TML8-1326-SM-4DXTO colon female 40-49 years,0.0010010940125470184,0.020508327341544202,13.10704571183414,34,IGHM;ACSS2;IGHV4-34;IGLV3-1;GBA2;ABO;CLYBL;OASL;IGLV2-8;HOXA-AS3
GTEx_Tissue_Expression_Up,GTEX-R55G-0426-SM-48FDH blood vessel female 40-49 years,0.0010179897027242312,0.020708615700872648,20.049923746666842,13,SEC23A;COL15A1;CCDC107;SNX21;TBX18;MFAP5;EFEMP1;RRAS;CILP;MFAP2
GTEx_Tissue_Expression_Up,GTEX-R55E-0326-SM-48FD2 blood vessel male 20-29 years,0.0010631401387780047,0.021476907386841774,17.054224662759896,17,TCF7L2;RAMP2;GSN;SDC2;CAV1;SHOX2;ATP2B4;EBF2;ANXA11;MEOX2
GTEx_Tissue_Expression_Up,GTEX-OOBJ-1526-SM-3NB1Q stomach male 60-69 years,0.001111876558176039,0.02219171097075781,14.027933576525237,26,IGHM;IGHV4-34;IGLV3-1;BARX1;OASL;IGLV2-8;IGLV3-25;IGHG4;IGLV1-40;IGHG2
GTEx_Tissue_Expression_Up,GTEX-S4Q7-1126-SM-4AD6R breast male 20-29 years,0.001113781300010533,0.02219171097075781,16.391692336685875,18,RAMP2;PDE1B;ANXA5;CCDC107;F11R;MEOX2;ADAMTS12;TRHDE;SCUBE2;CYP26B1
GTEx_Tissue_Expression_Up,GTEX-VUSG-1426-SM-3GIJN adipose tissue male 50-59 years,0.0011270038484875223,0.022302409491497976,15.563361729031932,20,GSDMB;ACSS2;TSHZ2;EBF2;DPT;SLC35G2;F11R;MEOX2;ADAMTS12;NR3C1
GTEx_Tissue_Expression_Up,GTEX-Q734-1126-SM-48TZY colon female 40-49 years,0.0011422833146515785,0.02245204163730704,13.413942071082241,29,ACSS2;IGHV4-34;IGLV3-1;RPAP1;GBA2;ABO;IGLV2-8;HOXA-AS3;IGLV3-25;IGHG4
GTEx_Tissue_Expression_Up,GTEX-XGQ4-0826-SM-4AT4T lung male 50-59 years,0.0011834018612080848,0.023104134323854487,16.152267085324446,18,IGHV5-51;PLEKHH2;LAMA2;IGKV1-5;IGHV4-34;IGLV3-1;TBX5;IGLV2-8;IGLV3-25;IGLV1-40
GTEx_Tissue_Expression_Up,GTEX-RU72-1026-SM-46MUG adipose tissue female 50-59 years,0.0012079160984551254,0.023425519536039732,15.309528680508663,20,RAMP2;COL15A1;GSN;PDE1B;EBF2;MEOX2;ADAMTS12;NR3C1;FBLN2;GNAI1
GTEx_Tissue_Expression_Up,GTEX-NFK9-0326-SM-3MJGV adipose tissue male 40-49 years,0.001237756470589904,0.023845255449973714,14.901295820632738,21,TCF7L2;RAMP2;PLEKHH2;GSN;LAMA2;CAB39L;CAV1;SHOX2;ADAMTS12;TRHDE
GTEx_Tissue_Expression_Up,GTEX-Q2AH-1126-SM-48TZM stomach male 40-49 years,0.0012722924102138383,0.024349333034947736,13.80782376399283,25,IGHM;IGHV4-34;IGLV3-1;BARX1;OASL;IGLV2-8;SCUBE2;IGLV3-25;IGHG4;IGLV1-40
GTEx_Tissue_Expression_Up,GTEX-PW2O-1926-SM-2S1OB blood vessel male 20-29 years,0.0012877081994846083,0.024483288577128927,14.762368392927504,21,IGSF8;TCF7L2;SEC23A;SPRYD3;SDC2;CCDC107;MEOX2;NR3C1;TBX18;PARD3B
GTEx_Tissue_Expression_Up,GTEX-OXRK-1626-SM-3NB17 stomach female 50-59 years,0.0013731447668369843,0.025938169654083035,17.072341258202922,15,IGHV3-30;IGKV1-5;BARX1;IGLV2-8;SCUBE2;IGLV3-25;IGLV1-40;IGLV6-57;IGLV2-14;IGLV2-23
MSigDB_Hallmark_2020,Hypoxia,0.0015267898942710257,0.025955428202607437,25.449928941296296,8,CAVIN1;SDC2;CAV1;CCN5;GPC3;NR3C1;ENO3;F3
GTEx_Tissue_Expression_Up,GTEX-REY6-2426-SM-48FF5 breast male 60-69 years,0.001418189028405567,0.026616205700850288,15.068902389447777,19,RAMP2;GSN;PDE1B;CAV1;CCDC107;SLC35G2;F11R;MEOX2;ADAMTS12;F3
GO_Cellular_Component_2023,Collagen-Containing Extracellular Matrix (GO:0062023),0.00022065021948353112,0.02780192765492492,29.089782616785723,13,COL15A1;LAMA2;SDC2;ANXA5;DPT;ANXA11;FBLN2;MFAP5;EFEMP1;CILP
GTEx_Tissue_Expression_Up,GTEX-X261-0226-SM-3NMD2 adipose tissue male 50-59 years,0.0014998489455535246,0.027968337068046176,14.862531195347971,19,RAMP2;GSN;NEGR1;LAMA2;CAV1;MCM9;SHOX2;EBF2;MEOX2;GNAI1
GTEx_Tissue_Expression_Up,GTEX-WH7G-1126-SM-3NMBK adipose tissue male 40-49 years,0.0015222393222040181,0.02806161268088974,15.1780511317482,18,GSDMB;RAMP2;GSN;ACSS2;LAMA2;PDE1B;EBF2;ADAMTS12;BARX1;F3
GTEx_Tissue_Expression_Up,GTEX-RTLS-2626-SM-46MUJ stomach female 60-69 years,0.001524143968229831,0.02806161268088974,15.590916343979735,17,IGHM;IGHV5-51;IGHV3-30;BARX1;F3;OASL;IGLV2-8;IGLV1-40;IGLV6-57;IGLV2-14
GTEx_Tissue_Expression_Up,GTEX-PVOW-0726-SM-2XCF5 blood vessel male 40-49 years,0.0015943429633311964,0.029169457108996544,13.304066808523505,24,SMIM14;TCF7L2;SEC23A;COL15A1;PLEKHH2;NEGR1;SDC2;ATP2B4;MEOX2;ADAMTS12
GO_Biological_Process_2023,Embryonic Eye Morphogenesis (GO:0048048),9.94645520003006e-05,0.029764767186089953,427.8598528653119,3,MFAP5;EFEMP1;MFAP2
GTEx_Tissue_Expression_Up,GTEX-OHPM-1426-SM-3TW8Y colon male 50-59 years,0.0016489104179178034,0.02997925253576806,13.649199211109895,22,IGHV5-51;TCF7L2;GSDMB;ACSS2;IGKV1-5;IGHV4-34;IGLV3-1;GBA2;ABO;IGLV2-8
GTEx_Tissue_Expression_Up,GTEX-UJHI-1326-SM-4IHJO vagina female 50-59 years,0.0017198235228388003,0.031074326881602922,15.116076134271433,17,GSTM2;SEMA3C;OGG1;ATP2B4;SNX21;TRHDE;GLIS1;TBX3;LRP6;MFAP5
GTEx_Tissue_Expression_Up,GTEX-UJHI-1126-SM-4IHLN colon female 50-59 years,0.0017435492888085943,0.03130854864903828,11.827121774890475,32,IGHM;ACSS2;IGLV3-1;GBA2;ABO;CLYBL;IGLV2-8;HOXA-AS3;IGLV3-25;IGHG4
GTEx_Tissue_Expression_Up,GTEX-R55C-1126-SM-48FCJ colon male 40-49 years,0.001759218205362852,0.03139610895337753,13.97018965396694,20,IGHM;IGHV5-51;TCF7L2;GSDMB;ACSS2;IGKV1-5;IGLV3-1;GBA2;ABO;IGLV2-8
GTEx_Tissue_Expression_Up,GTEX-QLQW-1226-SM-2S1Q9 adipose tissue male 30-39 years,0.0017739175498019213,0.03146540336813286,13.408774682556796,22,METTL2B;COL15A1;GSN;ACSS2;SEMA3C;CAV1;TSHZ2;ANXA5;ATP2B4;COPZ2
GTEx_Tissue_Expression_Up,GTEX-U3ZN-2126-SM-4DXU1 colon female 30-39 years,0.001865796705957099,0.03289456131896485,11.441675155063658,34,IGHM;ACSS2;IGHV4-34;IGLV3-1;GBA2;ABO;CLYBL;IGLV2-8;HOXA-AS3;IGLV3-25
GTEx_Tissue_Expression_Up,GTEX-XMK1-1726-SM-4B64Z colon male 40-49 years,0.0019156554144335,0.03357013012401838,11.373220912382864,34,ACSS2;IGHV4-34;IGLV3-1;GBA2;ABO;CLYBL;OASL;IGLV2-8;HOXA-AS3;IGLV3-25
GTEx_Tissue_Expression_Up,GTEX-WL46-2026-SM-3LK7U adipose tissue male 50-59 years,0.0019309805745951231,0.0336360628233366,15.101864791415176,16,RAMP2;COL15A1;GSN;NEGR1;SEMA3C;TSHZ2;EBF2;DPT;MEOX2;NR3C1
GTEx_Tissue_Expression_Up,GTEX-WY7C-2426-SM-3NB2V adipose tissue male 50-59 years,0.002051398530308151,0.03526679955960433,14.064961059929196,18,RAMP2;ACSS2;ANXA5;ADAMTS12;FBLN2;SCAMP3;CPN2;MFAP5;PALMD;CILP
GTEx_Tissue_Expression_Up,GTEX-T8EM-1126-SM-3DB7D adipose tissue male 40-49 years,0.002051398530308151,0.03526679955960433,14.064961059929196,18,TCF7L2;RAMP2;COL15A1;GSN;EBF2;DPT;SLC35G2;MEOX2;NR3C1;F3
GTEx_Tissue_Expression_Up,GTEX-O5YV-0526-SM-2I5GE lung female 60-69 years,0.002060968004514519,0.03526679955960433,13.160589492974156,21,IGHV5-51;COL15A1;IGHV3-30;LAMA2;ANXA5;IGKV1-5;IGHV4-34;IGLV3-1;ADAMTS12;TBX5
GTEx_Tissue_Expression_Up,GTEX-R55D-0826-SM-48FEA breast male 50-59 years,0.0021133078706855888,0.035862689079594084,14.324187481991299,17,GSDMB;RAMP2;GSN;ACSS2;ANXA5;EBF2;DPT;CCDC107;F3;GNAI1
GTEx_Tissue_Expression_Up,GTEX-RM2N-0926-SM-48FD1 colon male 50-59 years,0.0021204477558233697,0.035862689079594084,11.527156360935066,30,ACSS2;IGHV4-34;IGLV3-1;GBA2;ABO;CLYBL;IGLV2-8;HOXA-AS3;IGLV3-25;IGLV1-40
GTEx_Tissue_Expression_Up,GTEX-S7SF-1926-SM-4AT5B colon female 20-29 years,0.002159888006425878,0.03631857925255999,12.021168865643586,26,IGHM;ACSS2;GBA2;ABO;CLYBL;IGLV2-8;HOXA-AS3;IGLV1-40;IGLV2-14;CA2
GTEx_Tissue_Expression_Up,GTEX-QMRM-1726-SM-2S1QG adipose tissue male 50-59 years,0.0022205235339941066,0.03706120892717227,13.457123625879964,19,TCF7L2;GSDMB;ACSS2;CAV1;TSHZ2;ANXA5;EBF2;DPT;ADAMTS12;NR3C1
GTEx_Tissue_Expression_Up,GTEX-WFG7-1526-SM-4LVMG colon male 20-29 years,0.002229533022432158,0.03706120892717227,11.17383056724423,32,ACSS2;IGHV4-34;IGLV3-1;GBA2;ABO;CLYBL;IGLV2-8;HOXA-AS3;IGLV3-25;IGHG4
GTEx_Tissue_Expression_Up,GTEX-UJHI-1926-SM-3DB8Z blood vessel female 50-59 years,0.0022834575066990326,0.037741919812428894,14.437783953251998,16,TCF7L2;CAB39L;ADHFE1;SDC2;CCDC107;TBX18;PARD3B;DIAPH2;SGCD;MMP16
GTEx_Tissue_Expression_Up,GTEX-XYKS-1326-SM-4BRUN breast female 60-69 years,0.00244169876921988,0.039913854505959113,12.38183802144081,22,RAMP2;LAMA2;ANXA5;IGKV1-5;DPT;FBLN2;SCAMP3;SCUBE2;MFAP5;IGLV6-57
GTEx_Tissue_Expression_Up,GTEX-S4UY-1626-SM-4AD55 stomach female 40-49 years,0.0024423052946238306,0.039913854505959113,12.604647831218497,21,IGHV5-51;GSTM2;ADHFE1;IGKV1-5;IGHV4-34;IGLV3-1;BARX1;IGLV2-8;SCUBE2;IGLV3-25
GTEx_Tissue_Expression_Up,GTEX-SNOS-1426-SM-32PLY adipose tissue male 40-49 years,0.0024605934069890467,0.03998807944654267,14.147038430313879,16,GSN;ACSS2;DPT;FBLN2;GNAI1;PARD3B;MFAP5;CYP26B1;CILP;TAF8
GTEx_Tissue_Expression_Up,GTEX-POMQ-0826-SM-3P61H stomach female 20-29 years,0.0025887200407255736,0.04183659221372608,11.225625362636578,28,IGHM;ACSS2;IGHV4-34;IGLV3-1;BARX1;OASL;IGLV2-8;IGLV3-25;IGHG4;IGLV1-40
GTEx_Tissue_Expression_Up,GTEX-SNOS-0626-SM-4DM5F esophagus male 40-49 years,0.0026211580397700685,0.04212678860602834,13.183377618782382,18,IGHM;IGHV5-51;SERPINB2;IGKV1-5;IGLV2-8;IGLV3-25;IGHG4;IGLV1-40;IGHG2;IGLV6-57
GTEx_Tissue_Expression_Up,GTEX-U4B1-1126-SM-4DXV3 colon male 40-49 years,0.0026491448635143273,0.04234265059320427,10.463620619852696,35,METTL2B;ACSS2;IGHV4-34;IGLV3-1;GBA2;ABO;CLYBL;OASL;IGLV2-8;HOXA-AS3
GTEx_Tissue_Expression_Up,GTEX-PSDG-1626-SM-48TCQ breast male 50-59 years,0.002717744422988679,0.04320174058182551,12.260678752048662,21,TCF7L2;GSDMB;RAMP2;GSN;ACSS2;ANXA5;DPT;CCDC107;SLC35G2;F11R
GTEx_Tissue_Expression_Up,GTEX-S4UY-1226-SM-4AD51 uterus female 40-49 years,0.0028759600877922564,0.045468303779280836,12.857310072132739,18,TCF7L2;PLEKHH2;OGG1;ATP2B4;SNX21;LRP6;ZNF16;MFAP5;TMEM43;RRAS
GTEx_Tissue_Expression_Up,GTEX-NFK9-1026-SM-2HMK1 lung male 40-49 years,0.002930130773916909,0.04607432660175291,11.813250463248663,22,IGHV5-51;PLEKHH2;LAMA2;IGKV1-5;IGHV4-34;IGLV3-1;ADAMTS12;TBX5;LRP6;IGLV2-8
GTEx_Tissue_Expression_Up,GTEX-QDT8-0626-SM-48TYW breast female 30-39 years,0.0029543025485116304,0.046096291315164975,10.640483612992908,30,PLEKHH2;SEMA3C;OGG1;MCM9;TSHZ2;IGHV4-34;WDR20;IGLV3-1;LRP6;IGLV2-8
GTEx_Tissue_Expression_Up,GTEX-QESD-1526-SM-2S1QT adipose tissue male 20-29 years,0.0029632198267225333,0.046096291315164975,11.778649257520083,22,METTL2B;COL15A1;GSN;ACSS2;SEMA3C;CAV1;TSHZ2;COPZ2;ANXA11;NR3C1
GTEx_Tissue_Expression_Up,GTEX-SIU8-0426-SM-4BRUE blood vessel male 50-59 years,0.003087182515879772,0.04737483262656519,12.925916487621,17,GSTM2;COL15A1;PLEKHH2;SDC2;OGG1;SHOX2;COPZ2;MEOX2;TBX18;CXCL10
GTEx_Tissue_Expression_Up,GTEX-S4Z8-1226-SM-4AD6W stomach male 60-69 years,0.0030989284237087486,0.04737483262656519,16.175059911860338,11,GSTM2;PDE1B;CILP;CAB39L;ADHFE1;ATP2B4;TUBE1;ZFPM2;RPAP1;CC2D2A
GTEx_Tissue_Expression_Up,GTEX-QV44-1825-SM-447CF adipose tissue male 50-59 years,0.0031105510593585255,0.04737483262656519,12.584936703126987,18,GSDMB;RAMP2;COL15A1;GSN;ACSS2;TSHZ2;EBF2;COG1;DPT;SLC35G2
GTEx_Tissue_Expression_Up,GTEX-O5YV-0226-SM-48TBY adipose tissue female 60-69 years,0.0031105510593585255,0.04737483262656519,12.584936703126987,18,GSDMB;COL15A1;GSN;TSHZ2;ANXA5;DPT;CCDC107;SLC35G2;ADAMTS12;TRHDE
GTEx_Tissue_Expression_Up,GTEX-WY7C-2826-SM-3NB3Q blood vessel male 50-59 years,0.0031350460975762993,0.04749921405129924,14.10491139403318,14,TCF7L2;SPRYD3;CAB39L;SDC2;MEOX2;KLF15;TBX18;PARD3B;DIAPH2;RRAS
