ensg	r_cd45	F_prim	FDR_prim	lfc_EM	lfc_ES	lfc_MS	EPI	META	SCAT	range	top_site
ENSG00000041982.16	0.697240780637291	86.4872213679767	4.72959174480552e-05	1.6189426375724	7.50525715671154	-5.88631451913913	7.4292680933915	6.28467783311039	1.54607943513194	5.88318865825956	EPI
ENSG00000156076.10	0.36859466552691	51.7102560392759	0.000509303488827892	3.75897556402239	9.20073784788027	-5.44176228385788	5.17555134875445	2.33933768598341	0	5.17555134875445	EPI
ENSG00000105880.7	0.374722014700849	51.5497645581633	0.000509303488827892	4.37842019882292	9.3637107149981	-4.98529051617518	5.68586513550152	2.30471154280745	0.0915613508958169	5.5943037846057	EPI
ENSG00000119042.17	0.33922764456709	48.4446972100198	0.000509303488827892	2.66044291696564	4.23893837931899	-1.57849546235335	6.7243589100943	4.40408280244951	3.15426243216058	3.57009647793372	EPI
ENSG00000211892.4	0.631828308190343	47.871809224221	0.000509303488827892	-0.0037802670407534	8.07279403809401	-8.07657430513476	5.57968378689761	6.0657269021535	0.456305125626566	5.60942177652693	META
ENSG00000140937.14	0.687797572561575	47.1643221405609	0.000509303488827892	2.28047775332918	6.57565599946729	-4.29517824613811	7.2436060559502	5.49599733877572	1.98510841714506	5.25849763880514	EPI
ENSG00000118785.14	0.419708489193173	46.9461620814468	0.000509303488827892	3.46136244096044	10.2698387118886	-6.80847627092819	8.02741209994871	4.68344596863482	0.847257571664342	7.18015452828437	EPI
ENSG00000226482.1	-0.661545101130704	43.5604750348765	0.0006704972700139	2.47696575135554	-4.23469285749991	6.71165860885545	1.08117406614226	0.407839659446391	4.2125242508695	3.80468459142311	SCAT
ENSG00000158560.14	0.678301445430094	43.4370372490761	0.0006704972700139	1.14391632410337	5.94091026999711	-4.79699394589374	4.1565828830096	3.45237714867009	0.630484899617803	3.5260979833918	EPI
ENSG00000029559.7	0.263579354136969	42.1491689153026	0.000738686777477307	3.87425397914318	10.2653373709559	-6.39108339181276	7.97406944049812	4.25861833749712	1.13689109221921	6.8371783482789	EPI
ENSG00000137745.12	0.380411965936308	40.9370684364118	0.000816221621929685	4.48784191157271	9.39048477398992	-4.90264286241721	5.26855472980536	2.07069667605527	0	5.26855472980536	EPI
ENSG00000124813.23	0.674804293270382	40.1516631256449	0.000825127206895058	1.4880521465959	6.13538307944379	-4.64733093284789	5.63715824361281	4.52533955358005	1.18671926175759	4.45043898185522	EPI
ENSG00000165966.16	0.611623095945509	39.8574827180292	0.000825127206895058	1.97607186832992	6.07926474538586	-4.10319287705594	5.63128985795943	4.06726735366815	1.32925469619824	4.30203516176119	EPI
ENSG00000127863.15	0.57281700507351	38.4908989582306	0.000935568717246739	2.28668835469167	6.58488930308789	-4.29820094839622	4.42526158965773	2.72096942165473	0.466205846130481	3.95905574352725	EPI
ENSG00000138061.12	0.514821075936611	38.2718337542089	0.000935568717246739	1.58804457857231	4.78166745367094	-3.19362287509863	7.9297624307186	6.69849647602082	3.92372215228666	4.00604027843194	EPI
ENSG00000162551.14	0.568128083227274	36.5453945548404	0.00118782432114064	1.76238764908561	5.01195906537023	-3.24957141628462	6.57982805566593	5.30825295790036	2.49010419336491	4.08972386230102	EPI
ENSG00000154654.15	0.684410607041115	35.4142400795555	0.001372509670092	1.12688985584052	5.93015375194833	-4.80326389610781	5.31531902956776	4.55011030363867	1.28345042998806	4.0318685995797	EPI
ENSG00000131668.14	0.120402779228809	34.8618101231014	0.00142501364461332	6.04514190218037	6.72073068861939	-0.675588786439013	3.08021216450487	0.141544737971337	0	3.08021216450487	EPI
ENSG00000180875.5	0.356882647286353	34.432805802487	0.00142501364461332	4.38282738396657	7.45999059715814	-3.07716321319157	3.79829700790531	1.21725407771706	0.0370928343350731	3.76120417357024	EPI
ENSG00000101049.17	-0.658200710781986	34.3388018515647	0.00142501364461332	-0.368796172656472	-6.40945622241284	6.04066004975637	0.899213807771211	1.17048539324549	5.78746569212296	4.88825188435174	SCAT
ENSG00000169436.17	0.164997180004956	33.290963166582	0.00159021945684545	4.8617611731217	7.66332143267726	-2.80156025955557	4.13620750500683	1.15594298084809	0.0915613508958169	4.04464615411101	EPI
ENSG00000157404.15	0.531175242238199	33.2344558952229	0.00159021945684545	2.27052100444574	6.7931100047168	-4.52258900027105	4.64036274248914	2.90158702489001	0.532224466553617	4.10813827593553	EPI
ENSG00000136457.10	0.116239119997871	33.0351130152875	0.00159021945684545	5.29400943305681	6.47767532677256	-1.18366589371575	6.11089927285041	2.04161295759479	1.44727624694915	4.66362302590126	EPI
ENSG00000170558.9	0.261247268629259	32.3175835198565	0.00175419998903069	3.99593890440538	7.17782855909643	-3.18188965469106	3.6828583183436	1.10914468607551	0.0864325335451182	3.59642578479848	EPI
ENSG00000197467.14	0.288145886420349	31.9780144066438	0.00180156007324419	3.89006749494264	6.8164033725651	-2.92633587762247	4.71230313921582	2.02436979018462	0.486861238607717	4.2254419006081	EPI
ENSG00000127083.7	0.16829336864985	31.4052969023321	0.0019435647314151	4.77705208504853	5.79130935067673	-1.0142572656282	4.72043042264048	1.57818638470867	0.950222698363885	3.7702077242766	EPI
ENSG00000163909.8	0.523336839220402	30.8869901156243	0.00203870280889103	2.49910686639193	5.64645174754285	-3.14734488115092	4.74750001891	2.90295709066562	1.06638364964776	3.68111636926224	EPI
ENSG00000163687.14	0.649286255094705	30.8076602497034	0.00203870280889103	0.548859360031318	6.04720368486922	-5.4983443248379	5.20471379672687	5.13568100944632	1.34810920637915	3.85660459034772	EPI
ENSG00000172061.8	0.184164989665199	30.3497028265446	0.0021638923371982	5.95380423526525	7.96813295040971	-2.01432871514446	4.73730681037449	1.08713344853693	0.160755905154396	4.5765509052201	EPI
ENSG00000168743.12	0.176369944300217	29.4405509867045	0.00253294195584678	4.99666751733022	7.59415204014943	-2.59748452281922	3.74827567641255	1.00885937248048	0	3.74827567641255	EPI
ENSG00000152592.14	0.371771457696291	29.0624220478582	0.00253671951006024	3.43678162395683	6.47018509211619	-3.03340346815936	2.78818526258162	1.04438007171652	0	2.78818526258162	EPI
ENSG00000198542.14	0.449799345748739	28.9983969886906	0.00253671951006024	1.89307712420415	6.48496084327542	-4.59188371907128	5.75066113997185	3.91184681631534	1.16872851763462	4.58193262233723	EPI
ENSG00000108821.13	0.19321397726189	28.9889334156188	0.00253671951006024	3.78255087287353	5.60733153018594	-1.82478065731241	12.3300294463857	8.77070351881583	7.15409184262008	5.17593760376565	EPI
ENSG00000188487.11	0.323858578759359	28.198458807781	0.00284434328561772	3.73800011820963	7.79191595711979	-4.05391583891017	3.98294313579924	1.51963887279967	0	3.98294313579924	EPI
ENSG00000144868.13	0.665640108423146	28.1489959062721	0.00284434328561772	0.940703604936427	6.49226334572136	-5.55155974078493	5.27648916779043	4.58441335030984	0.998563403525006	4.27792576426543	EPI
ENSG00000106031.9	0.26262200145039	27.9077786844539	0.00284434328561772	4.06046436674319	5.88661479109721	-1.82615042435402	3.4885947144742	1.19691875144002	0.332662772485296	3.15593194198891	EPI
ENSG00000272701.3	-0.670593272971785	27.8286345234943	0.00284434328561772	-0.842402823324018	-5.60101544671084	4.75861262338682	0.0534346202656526	0.346542767234125	2.70167314426678	2.64823852400113	SCAT
ENSG00000211964.3	0.623294178072258	27.8227488050474	0.00284434328561772	0.691331365149879	6.56833815988226	-5.87700679473238	2.79156840220436	2.47060035368127	0	2.79156840220436	EPI
ENSG00000116774.12	0.469526451418104	27.6934842370553	0.00284986619787986	1.77076794785698	3.54322882655647	-1.77246087869949	7.07087695006343	5.83554929966629	4.29945374606549	2.77142320399794	EPI
ENSG00000110492.15	0.574588200006967	27.5844830255848	0.00284986619787986	1.60158910653665	5.64668322665271	-4.04509412011606	6.44256097865574	5.14018531846358	2.2122333786609	4.23032759999485	EPI
ENSG00000165323.15	0.485041337204235	27.2164150621535	0.00301233730838817	2.47651575058238	5.01853245995996	-2.54201670937758	6.96869015653005	4.88470877161057	2.71834040267358	4.25034975385647	EPI
ENSG00000156103.16	0.411641517532273	27.1225246145717	0.00301233730838817	3.26679967065323	5.99192221662417	-2.72512254597094	3.78939459641446	1.8428254796058	0.440979966262896	3.34841463015156	EPI
ENSG00000070182.21	0.693778798797517	27.0038364042064	0.00302281249845323	-2.74835188456446	3.19142392076026	-5.93977580532472	5.67206706293498	8.32905772028268	4.14646531738458	4.1825924028981	META
ENSG00000129910.8	0.236515258615103	26.1655668710906	0.00358427715206774	3.36469082484638	5.9577345622547	-2.59304373740832	3.02278771604592	1.14169122008135	0.183496032298476	2.83929168374744	EPI
ENSG00000213694.5	0.423013630389936	25.8548504056921	0.00376958055273587	2.30144237694433	5.94454881329289	-3.64310643634855	6.37908064194497	4.50632869644956	1.93473250030883	4.44434814163614	EPI
ENSG00000281769.1	-0.637823016704334	25.4708903313243	0.00403890897038268	-1.60092809849515	-6.53820116328885	4.9372730647937	0.240890074909656	1.0486182341956	4.32929227309964	4.08840219818998	SCAT
ENSG00000170374.6	0.0776413091695767	25.1710562599428	0.00413343347842079	5.23245830840398	5.64563120302214	-0.413172894618157	3.88961460182667	0.804738615807179	0.741927728575254	3.14768687325142	EPI
ENSG00000174469.23	0.660783148812021	25.1416166120508	0.00413343347842079	1.07721441438841	7.81042821082489	-6.73321379643649	4.55841930165979	3.57369184373399	0.0717681464370116	4.48665115522278	EPI
ENSG00000206013.2	0.139751900982724	25.1106955259347	0.00413343347842079	4.35788997814127	6.70363761814551	-2.34574764000424	3.15569581831813	0.815468341053218	0.0486783999435046	3.10701741837462	EPI
ENSG00000277443.3	0.564361981136577	24.5734458071885	0.00461544334923818	1.03536163948137	3.25571498762419	-2.22035334814283	8.46018052987496	7.89251627428025	5.8423451585261	2.61783537134886	EPI
ENSG00000136153.20	0.309515511121634	24.4805356814264	0.00462923780542097	2.30139335203358	3.97249308086744	-1.67109972883386	5.28981330781817	3.32292721203865	2.25398117281769	3.03583213500049	EPI
ENSG00000104313.20	0.511680163401905	23.9790768570089	0.00514023260522458	2.42318877487297	4.61809677947812	-2.19490800460515	7.28260621460437	5.29241432756998	3.22671342748531	4.05589278711906	EPI
ENSG00000124743.6	-0.431836296734555	23.6761117506753	0.00544114516335396	0.333117150032642	-5.3950557774198	5.72817292745244	0.896195705485798	1.0724211993536	4.94610500189266	4.04990929640686	SCAT
ENSG00000073282.13	0.1365400149864	22.9383140651032	0.0064450568852263	4.97712300953357	6.1888779826201	-1.21175497308653	3.31227412074669	0.771467334383939	0.197663515777503	3.11461060496918	EPI
ENSG00000286322.1	-0.699325252766691	22.5783859615921	0.00684782431558083	1.55126949105335	-3.8545173940312	5.40578688508455	1.06336899020553	0.734110993609405	4.11647477812339	3.38236378451399	SCAT
ENSG00000189377.9	-0.610662395987623	22.5644829578439	0.00684782431558083	-0.789837877228099	-5.42662764298132	4.63678976575322	0.148479631123896	0.37642570888052	2.72813203958762	2.57965240846373	SCAT
ENSG00000166415.15	0.200237968990525	22.1841670974051	0.00716243850885745	4.18860811416049	6.59808147016437	-2.40947335600388	2.9728507029403	0.86244787332009	0	2.9728507029403	EPI
ENSG00000211933.2	0.61797152560992	22.168644268267	0.00716243850885745	-0.271739637004835	5.04064825400783	-5.31238789101266	1.87669429493173	2.29876538258478	0	2.29876538258478	META
ENSG00000162849.16	0.338628483046371	22.1661926394303	0.00716243850885745	3.91041353937054	6.76094220328501	-2.85052866391447	4.09080384941534	1.53452177875673	0.315500938263231	3.77530291115211	EPI
ENSG00000173372.17	0.673148379455213	22.1311754733837	0.00716243850885745	-0.167028200525061	2.79337912188232	-2.96040732240738	7.15346041420642	7.69273393386775	4.91659529571142	2.77613863815633	META
ENSG00000112175.8	0.48368595139966	22.0635987459793	0.00717235565557355	1.4680989979685	4.02357411017141	-2.55547511220291	5.87505166416494	4.6446342267897	2.67969489739397	3.19535676677097	EPI
ENSG00000183160.9	0.308828254036176	21.9644789116213	0.00721642004891159	2.6190980771744	5.62932800163257	-3.01022992445817	5.51997488367159	3.25589334875652	1.56371955029969	3.9562553333719	EPI
ENSG00000006377.11	0.251572434526199	21.9192988171137	0.00721642004891159	4.32643882130785	5.96153029470648	-1.63509147339863	2.91766203709551	0.792706462991232	0.119402552215516	2.79825948488	EPI
ENSG00000271239.1	-0.427570318965307	21.8065764883282	0.00722522256339637	1.53682232230075	-3.76717960996131	5.30400193226206	0.713153670632562	0.209337940887042	2.90193347210375	2.6925955312167	SCAT
ENSG00000019549.13	0.373646001088442	21.7977727436051	0.00722522256339637	1.67361812484325	2.88057525913173	-1.20695713428849	6.69255029000987	5.38393779715303	4.55588159210532	2.13666869790455	EPI
ENSG00000251493.5	0.531797035514046	21.322244259016	0.00809023811347899	1.30853273064791	6.10285175515157	-4.79431902450366	4.1766494961926	3.45494612046567	0.648623384735018	3.52802611145758	EPI
ENSG00000107731.12	0.484347592914767	21.1272052352545	0.00840532920130383	2.02179250307925	5.48192152117432	-3.46012901809508	5.19434511121393	3.48547942431633	1.3067330698768	3.88761204133713	EPI
ENSG00000169442.9	0.660350721458459	21.0479990118802	0.00846361270553374	0.894752142859687	5.6140850107165	-4.71933286785681	2.50317801124704	1.8445992523026	0.0251598135658084	2.47801819768123	EPI
ENSG00000018236.15	0.591642568296061	20.7966655775427	0.00884762548768703	1.93648270083085	5.86031572129395	-3.92383302046311	3.9382705724369	2.52466612419679	0.3693387197606	3.5689318526763	EPI
ENSG00000143061.17	0.252180146127055	20.7821301701005	0.00884762548768703	4.00246916512944	4.8698164757191	-0.867347310589654	3.69541569443753	1.37458362711473	0.882049912512601	2.81336578192493	EPI
ENSG00000182492.16	0.186860550708685	20.7166165769607	0.00888305613773385	2.76085003089112	3.76503178084067	-1.00418174994955	7.92139541322972	5.58250273022369	4.68607950815378	3.23531590507595	EPI
ENSG00000167460.17	0.551470003184854	20.5582391364825	0.00910069585006884	1.08118855598874	2.16901080149218	-1.08782224550344	9.43099151944566	8.62746891938125	7.84377239731911	1.58721912212655	EPI
ENSG00000113140.11	-0.510974540054765	20.5301183517163	0.00910069585006884	2.97913010490371	0.518572770516724	2.46055733438699	10.2625342247863	7.48614909688088	10.2249614383086	2.77638512790538	EPI
ENSG00000276775.1	0.608252580013531	20.3349264567043	0.00946480189776617	-1.53641094566319	4.24505382585348	-5.78146477151667	1.47599388881775	2.65978777522909	0	2.65978777522909	META
ENSG00000104332.12	-0.691608377668458	20.2384624847668	0.00946480189776617	1.8745439168631	-1.15839442085278	3.03293833771588	7.12985617795784	5.55187705423324	9.00462968251188	3.45275262827863	SCAT
ENSG00000149294.16	0.337560439211763	20.2035420509586	0.00946480189776617	2.23926657933526	4.65650455384352	-2.41723797450825	5.36160240157431	3.66570247817915	2.09453391026929	3.26706849130502	EPI
ENSG00000152270.9	-0.442080996794809	20.200997707486	0.00946480189776617	-1.0940978053998	-3.37185607673592	2.27775827133612	4.73711723509724	6.15806973859204	8.5999477421152	3.86283050701796	SCAT
ENSG00000206077.11	-0.655840649481745	19.9624869067686	0.00997757269872989	0.531136628084989	-4.79159949586708	5.32273612395207	0.832126321387756	0.844980259034552	4.35573898088458	3.52361265949683	SCAT
ENSG00000159189.12	0.693373186363565	19.9184865890892	0.00997757269872989	-0.0327017208359855	2.45806111138174	-2.49076283221773	6.47269712938906	6.89841891874628	4.61944125752594	2.27897766122033	META
ENSG00000105472.13	0.692659550837146	19.8812464871406	0.00997757269872989	0.74750107449267	5.20674747557595	-4.45924640108328	4.88094530857314	4.54249855411684	1.42270455345875	3.45824075511439	EPI
ENSG00000170323.9	-0.678731779772419	19.4324222253626	0.0112158661874437	1.29077395478403	-2.41833877313774	3.70911272792177	8.23189359437002	7.2722963680529	11.3451179162778	4.07282154822486	SCAT
ENSG00000170962.13	-0.669335583836532	19.3905192244686	0.0112158661874437	2.17994741639966	-2.0026111173234	4.18255853372306	3.59759997154742	2.22615789035798	5.98468586910748	3.7585279787495	SCAT
ENSG00000184254.17	0.687695897777332	19.2583589932456	0.0115167169391379	0.300781616383025	3.98807016847672	-3.6872885520937	5.07322217033452	4.97515293652877	2.05091110938541	3.02231106094911	EPI
ENSG00000163050.17	-0.485443729565764	19.2105838927966	0.0115400104443417	-0.397441869028512	-2.52371042668219	2.12626855765368	4.46639065583971	5.21175867613993	7.50909297796893	3.04270232212922	SCAT
ENSG00000183087.15	0.622016879300631	19.142581664744	0.0116342216212008	0.731810200454086	2.75203675877862	-2.02022655832453	7.46426875915136	7.19573088503587	5.33291332191602	2.13135543723535	EPI
ENSG00000052850.8	0.389225039409791	19.0096820442946	0.0117824258758878	2.99719870111909	5.15801237132787	-2.16081367020878	3.58509903565816	1.89517676609971	0.66920832729647	2.91589070836169	EPI
ENSG00000086570.12	-0.55533622618574	19.0087851500045	0.0117824258758878	-0.753351251831843	-3.97992635395817	3.22657510212633	1.16510464308295	1.66534308533583	4.22213657293649	3.05703192985353	SCAT
ENSG00000092621.12	-0.553371950211347	18.9459191531954	0.0117824258758878	0.0133124316448259	-2.30658727133587	2.3198997029807	3.67980727031888	3.98194996351971	6.42877642526888	2.74896915495	SCAT
ENSG00000150471.16	-0.449670419702759	18.9438223864221	0.0117824258758878	1.43631141506266	-5.00782390257074	6.44413531763341	0.460843621854451	0.0444405122149149	3.22767362173591	3.18323310952099	SCAT
ENSG00000184347.14	-0.638925836660486	18.7160831356904	0.0124316635896631	2.1883467704657	-0.222606558738385	2.41095332920408	6.98600073701261	5.20444316364417	7.91889967152059	2.71445650787642	SCAT
ENSG00000170370.12	-0.363714081716146	18.6888680709892	0.0124316635896631	3.39510039424381	-0.924586972305682	4.31968736654949	2.13838840588451	0.637601434313953	2.79518376964194	2.15758233532799	SCAT
ENSG00000108387.15	0.641587450323154	18.5041329835767	0.0129972737537734	1.02894428095873	4.02804196379988	-2.99909768284114	5.16809811386685	4.45112735628307	2.15706861301366	3.01102950085319	EPI
ENSG00000182168.15	0.421180783314793	18.4633787151243	0.0130163644162371	1.37211993079018	5.77542091545137	-4.40330098466119	5.04265947850966	3.88905688896613	1.23163078126133	3.81102869724834	EPI
ENSG00000211448.12	-0.319111572627372	18.4131196513926	0.0130747185766733	5.24293790185593	2.28378278163953	2.9591551202164	5.09761546005095	1.52462197663054	3.38884422824626	3.57299348342041	EPI
ENSG00000167749.11	0.35699848586816	18.328873732796	0.0132045955486149	3.68240798071442	6.31865291406237	-2.63624493334795	2.72742703440668	0.886432377199709	0	2.72742703440668	EPI
ENSG00000225953.3	0.254512711571367	18.2796513093763	0.0132045955486149	3.54547859817321	5.25059742502432	-1.70511882685111	2.93697672158171	1.08067191347903	0.342276366551945	2.59470035502976	EPI
ENSG00000115423.18	-0.663633193762996	18.2767577777241	0.0132045955486149	-0.779595360255165	-4.54138178963023	3.76178642937506	0.529608753040127	0.900730016733155	3.25314822837738	2.72353947533726	SCAT
ENSG00000048540.15	-0.657309687620103	18.2014086861757	0.0132531532353419	2.93208028767989	-3.49368884674773	6.42576913442762	2.3008917925682	0.997929087708847	5.37699582135967	4.37906673365082	SCAT
ENSG00000203392.3	-0.653122102982797	18.1975803397154	0.0132531532353419	1.23599161038301	-3.14027054640052	4.37626215678353	0.839976512566338	0.532029818552783	2.952469309137	2.42043949058422	SCAT
ENSG00000019144.19	-0.661349261829728	18.1152612956899	0.0134083568785862	1.5879856109335	-1.24623721848543	2.83422282941893	7.49714087090326	6.39158403346336	9.43978517027841	3.04820113681505	SCAT
ENSG00000138039.15	-0.391483412679899	18.0938946662298	0.0134083568785862	0.846586277589407	-3.97174308369073	4.81832936128014	0.278853729192294	0.0647629190579584	2.11590612504307	2.05114320598511	SCAT
ENSG00000107796.13	0.0968768946386949	18.0259129378306	0.0135042530851985	2.29874428534961	3.62644078709763	-1.32769650174802	5.78543569046718	3.70504261175421	3.12696192118246	2.65847376928472	EPI
ENSG00000173253.15	-0.518294902881679	18.0066123814619	0.0135042530851985	-1.98865977401284	-5.05486867548704	3.06620890147421	0.588461380221748	1.78805480926543	4.21269740911124	3.62423602888949	SCAT
ENSG00000185610.6	-0.470247988765793	17.9707336496081	0.0135225499831198	-0.211489637971129	-4.80482071849893	4.5933310805278	0	0	1.85147116297219	1.85147116297219	SCAT
ENSG00000139304.16	-0.490025804687874	17.868779403411	0.0138208139580768	0.442510410470442	-4.40370664619703	4.84621705666747	0.522741556098972	0.589776852396428	3.27528497861839	2.75254342251942	SCAT
ENSG00000113805.8	-0.438740968967408	17.7613591514928	0.0141526295727513	-1.26124520375825	-5.32697291350875	4.06572770975051	0	0.358862144964857	2.15609945143821	2.15609945143821	SCAT
ENSG00000211945.2	0.671163799841164	17.7309479071571	0.0141531322470309	-0.634077075126699	6.17878729023165	-6.81286436535835	3.8174884314377	4.54949217862691	0.805611192981603	3.74388098564531	META
ENSG00000171408.14	0.274259902042088	17.5433697672526	0.014865108414918	2.99593966395879	4.00063314249584	-1.00469347853705	5.2174602507498	2.86378963766747	2.26490632761497	2.95255392313483	EPI
ENSG00000178772.7	0.525283925645799	17.4242027827862	0.0152886982870354	0.0228962648991687	6.0445433476647	-6.02164708276553	2.82351737502043	3.20726245166973	0.120311081865725	3.086951369804	META
ENSG00000115361.8	-0.689014985041233	17.3642762355381	0.0154376901125907	0.830283491026931	-4.99415840765242	5.82444189867935	1.04791031006076	1.0045465550058	5.03190708355555	4.02736052854974	SCAT
ENSG00000161791.14	0.641076787110852	17.2867793016859	0.0156767679475444	0.489768605062719	2.3796119006184	-1.88984329555568	6.37662461547793	6.34476772185535	4.56817232164555	1.80845229383238	EPI
ENSG00000139926.15	0.358361402462237	17.1935836893212	0.0160013763201878	1.81241106668249	3.33813063580483	-1.52571956912235	5.97448194622561	4.60232068029149	3.47702400462198	2.49745794160363	EPI
ENSG00000112936.19	0.452383188330183	17.1586262178041	0.0160364723790302	0.784091464361937	2.85131999031351	-2.06722852595158	6.4333812987297	6.02735362028357	4.37909728585181	2.05428401287789	EPI
ENSG00000165406.16	0.686905873588183	16.9835615877765	0.0167812270854711	-2.50969057411958	0.294446852490271	-2.80413742660985	5.39474404756502	8.13340632444269	5.75105621942167	2.73866227687766	META
ENSG00000233395.2	0.469654763997195	16.9373656311193	0.0167812270854711	1.87364822621001	5.4263822134234	-3.5527339872134	2.35801893138397	1.58964209941804	0.0878976195666547	2.27012131181731	EPI
ENSG00000197471.12	0.698824921032451	16.9339005190157	0.0167812270854711	-2.67519873458646	3.60420145954994	-6.2794001941364	4.23707590714353	6.67667848750693	1.88681713444644	4.78986135306049	META
ENSG00000286214.1	-0.679478552672736	16.8416770041408	0.0171371157527874	1.59168416177898	-3.53809497654744	5.12977913832642	3.33123799414318	2.20829338429393	7.0947731915113	4.88647980721737	SCAT
ENSG00000253686.2	-0.678480230778477	16.6799187038259	0.0179011828689501	0.576686256019137	-4.31267222846611	4.88935848448525	0.781103024175641	0.755715255098316	3.91115554521456	3.15544029011624	SCAT
ENSG00000146950.13	0.154570158791961	16.6472819797711	0.017939185068603	3.57720257783756	4.08544521095925	-0.508242633121691	3.15195861379364	1.19016297216694	0.870634651506737	2.2813239622869	EPI
ENSG00000134569.10	0.322833229445254	16.6025037602519	0.018049713838613	3.45214372272681	5.25833261515643	-1.80618889242962	5.0647237095714	2.47657784667062	1.19123142409484	3.87349228547656	EPI
ENSG00000232810.4	0.658999564619005	16.5610047734109	0.0180655294991823	-2.43619552916193	3.16152334208246	-5.5977188712444	2.69227324240144	5.0159777795621	0.931996021941819	4.08398175762028	META
ENSG00000147251.15	-0.367527138115911	16.5489008833759	0.0180655294991823	-0.825463434508423	-2.46657090529815	1.64110747078973	5.27176227245309	6.4464991289484	8.38523244025873	3.11347016780563	SCAT
ENSG00000117122.14	-0.519860662118053	16.5054931706793	0.0181085173315182	4.6497992257475	0.80490657871537	3.84489264703214	3.59753546503371	0.902269282018975	3.29077902247181	2.69526618301473	EPI
ENSG00000145934.16	0.442562886548074	16.4916331276149	0.0181085173315182	1.8597225759134	6.61312064424075	-4.75339806832735	3.04024189263089	1.71712891895704	0	3.04024189263089	EPI
ENSG00000059728.11	0.680500958286952	16.430957709337	0.0183227622544899	-1.9992545961509	0.412976569537675	-2.41223116568858	4.65216083169569	6.94216617072704	4.72838181698268	2.29000533903136	META
ENSG00000049130.16	0.510821582401301	16.3477540285928	0.018494073705696	1.03573953016993	3.43118708642531	-2.39544755625538	6.19879916944391	5.45159419183544	3.42138531092264	2.77741385852128	EPI
ENSG00000146197.9	0.508546953190969	16.3007045436226	0.018494073705696	1.92475660947834	3.71394930061035	-1.78919269113201	4.52725629074304	3.54634576686323	2.0720509390237	2.45520535171933	EPI
ENSG00000176438.12	-0.460317097297779	16.2860844183091	0.018494073705696	-0.557918862735578	-2.12597593825789	1.56805707552231	6.48735933143523	7.55070587397439	9.34710438633613	2.8597450549009	SCAT
ENSG00000066926.11	0.697463180986736	16.2610184766479	0.018494073705696	-2.31096398941968	0.939777626126227	-3.25074161554591	4.8277893289914	7.27050429980528	4.70686751818485	2.56363678162043	META
ENSG00000168243.11	0.124519253074934	16.2545693309083	0.018494073705696	3.72829870790967	5.27835710884917	-1.5500584009395	2.33583237703909	0.602533045574581	0.116220906244818	2.21961147079428	EPI
ENSG00000076555.15	-0.640327714770348	16.2463291249698	0.018494073705696	0.92734853973814	-2.26597727912621	3.19332581886435	7.63612466669362	7.13450526977337	10.6454876123477	3.51098234257432	SCAT
ENSG00000112977.15	0.434014025833337	16.2359307027115	0.018494073705696	1.41747322344276	2.08839975557632	-0.67092653213356	6.37469663870094	5.35238594580559	4.89327901296783	1.48141762573311	EPI
ENSG00000107957.16	0.0645382611414268	16.2135160988897	0.018494073705696	1.76801268572069	2.12879195394987	-0.360779268229173	8.65455502071496	7.29855184683027	7.15357251158163	1.50098250913334	EPI
ENSG00000129675.16	-0.610802332725468	16.1540682513392	0.018719690020553	0.501605591569089	-1.56073961947081	2.0623452110399	5.99144490426537	5.90054280607191	8.2176744791744	2.31713167310249	SCAT
ENSG00000054803.4	0.223762029116235	16.0473413640963	0.0192493950078116	3.19393696422262	5.37784514236642	-2.1839081781438	2.02508561322659	0.57149476668547	0	2.02508561322659	EPI
ENSG00000152595.16	-0.0167552341029739	16.0138442893451	0.019321592207686	4.81715829273866	5.09240886076087	-0.275250568022208	2.2377003568976	0.184244271537954	0.156104291296269	2.08159606560134	EPI
ENSG00000162458.13	0.427085977580953	15.8812696176116	0.0200469207309927	1.77855012692923	3.69186859042375	-1.91331846349452	4.45878476716241	3.11739817172589	1.92625107659839	2.53253369056402	EPI
ENSG00000140416.21	0.16249130587489	15.8054123908744	0.0203140284075254	1.6990977649929	2.48770681178607	-0.788609046793173	8.12234861165138	6.87101544295749	6.25851409543647	1.86383451621491	EPI
ENSG00000198947.15	-0.592241397753213	15.7984319283704	0.0203140284075254	0.0629029689954817	-3.07974567229905	3.14264864129453	4.88709523942785	4.68479745517946	8.4468496439622	3.76205218878274	SCAT
ENSG00000184357.4	0.670783775312201	15.7564450288313	0.0204551536780532	-0.679263478958874	5.13942872557422	-5.81869220453309	5.88487698257097	6.64102351061118	2.05588548277093	4.58513802784025	META
ENSG00000154319.16	0.488769051224534	15.6955431837498	0.0207304092317063	1.4433662059909	4.85315940944937	-3.40979320345847	1.92709440634011	1.24878435074843	0.0256449716657732	1.90144943467434	EPI
ENSG00000146250.7	-0.0310815953992043	15.5766890382803	0.0211781368208306	5.17427659021489	5.85786092331578	-0.683584333100892	3.09196803647262	0.652675353244476	0.285228571950866	2.80673946452176	EPI
ENSG00000022267.19	-0.655850228637355	15.5181934324771	0.0211781368208306	0.739651573642324	-2.13445335968222	2.87410493332454	6.40579668240429	5.88783912656416	9.19055587765549	3.30271675109133	SCAT
ENSG00000258733.6	0.282754141291537	15.5023899920577	0.0211781368208306	3.48298814844426	5.31437093102549	-1.83138278258123	2.22408967611731	0.646857203529969	0.049586929593713	2.1745027465236	EPI
ENSG00000106823.12	-0.650127162252085	15.4987421882596	0.0211781368208306	0.774343624493149	-1.90540418702595	2.67974781151909	5.47678461430108	4.85763238782871	8.02577010027362	3.16813771244491	SCAT
ENSG00000132000.13	0.309024088675824	15.4918599891336	0.0211781368208306	3.59374238079245	4.21497581035126	-0.621233429558808	2.7601663656549	0.990473511531394	0.663445223249237	2.09672114240566	EPI
ENSG00000154274.15	-0.430557082959615	15.4725202021238	0.0211781368208306	-2.77015995695051	-4.63582309019462	1.86566313324411	0.250976573328043	1.59124178489755	2.98589531796244	2.7349187446344	SCAT
ENSG00000162981.14	0.698060101164255	15.4630814051474	0.0211781368208306	-0.411544945422511	4.52752190735879	-4.9390668527813	2.30568484598183	2.8628753803044	0.2830857849912	2.5797895953132	META
ENSG00000182162.11	0.683573808018493	15.4469467828597	0.0211781368208306	-2.45954005068546	2.97039082976845	-5.42993088045391	2.74957704311395	5.41515394152448	1.54018101514027	3.87497292638421	META
ENSG00000138792.10	0.631086536540172	15.4363257887518	0.0211781368208306	0.865199154400888	3.16036586671417	-2.29516671231328	4.79032582984283	4.24301385386648	2.47721106397089	2.31311476587194	EPI
ENSG00000187498.16	-0.663287780397329	15.4109339940749	0.0211781368208306	2.13504510273024	-1.36813556818512	3.50318067091536	8.03936993713495	6.31227044423529	10.0919656990249	3.77969525478956	SCAT
ENSG00000230333.6	-0.510921358114877	15.3898652944857	0.0211781368208306	3.16824959604015	-1.96316918225963	5.13141877829978	2.16997437858525	0.852863438690268	3.63302688106089	2.78016344237062	SCAT
ENSG00000204241.8	-0.641668650474315	15.3795763392293	0.0211781368208306	0.415287919033426	-4.75196470989309	5.16725262892652	0.533126956036428	0.454523912754393	3.35429688631449	2.8997729735601	SCAT
ENSG00000261441.1	-0.486314078493821	15.3553757589359	0.0211781368208306	-1.026142416044	-4.45379764964669	3.42765523360268	0.484626305898358	1.05551005502028	2.91943579666355	2.43480949076519	SCAT
ENSG00000122824.11	0.272624955704313	15.3535042852568	0.0211781368208306	3.40733124998688	5.40447662364271	-1.99714537365583	3.1085951980588	1.35506241548533	0.431946681785793	2.676648516273	EPI
ENSG00000177822.8	-0.605417166818718	15.253378039003	0.0217764107747023	0.0515333370196268	-4.66351872756849	4.71505206458811	0.635783026667822	0.87131766078336	3.70865313186365	3.07287010519582	SCAT
ENSG00000110900.15	-0.108088268255184	15.2311366707831	0.0218035819504042	4.40491175328339	4.00713951036296	0.397772242920434	4.35077711948873	1.54918722054102	1.7739228061501	2.80158989894771	EPI
ENSG00000188525.4	-0.593751071270239	15.183835063887	0.0220208735156437	-0.627104738355166	-5.2458143407224	4.61870960236723	0.100043159285992	0.580438775141268	2.87327693637633	2.77323377709034	SCAT
ENSG00000089472.16	0.33615606784333	15.063940795792	0.0228068149713162	2.85169088104335	4.57268091780645	-1.72099003676311	3.20991177582465	1.44752058328476	0.66162209233322	2.54828968349143	EPI
ENSG00000167244.21	0.222770133076691	14.9664872774384	0.0233256976003615	2.01776962457641	3.18561554641192	-1.16784592183552	7.7266805141983	6.18893874491953	5.13817822540298	2.58850228879532	EPI
ENSG00000131771.14	-0.587267475317796	14.9580230269672	0.0233256976003615	1.96663879593366	-3.13602340841569	5.10266220434935	3.01672104782287	1.89555664785956	6.2405412867482	4.34498463888864	SCAT
ENSG00000278983.1	-0.63366352092474	14.9227463892117	0.0233256976003615	-0.504933908406079	-4.19157150559861	3.68663759719253	0.732340894555168	1.05041847493168	3.29360181906146	2.56126092450629	SCAT
ENSG00000058668.14	-0.576731553972551	14.9187505425379	0.0233256976003615	0.0663791006780498	-1.65816559187968	1.72454469255773	6.47948391988537	6.88451008524138	8.86281560646519	2.38333168657983	SCAT
ENSG00000185960.14	0.683387153898617	14.909960700233	0.0233256976003615	-0.471690684928178	4.2792879683744	-4.75097865330258	1.53909332893162	1.79758191929346	0.0251598135658084	1.77242210572765	META
ENSG00000274080.1	-0.613802781189146	14.8702667187203	0.0235074127848985	0.222614888031516	-4.60654324367851	4.82915813171002	0.756155516470944	0.626553803834119	3.57841504784425	2.95186124401013	SCAT
ENSG00000249242.8	0.45935647704641	14.8473897671771	0.0235154696273903	1.38143988149816	3.74937291265976	-2.3679330311616	4.46796976261834	3.28631084861401	1.87181388137914	2.5961558812392	EPI
ENSG00000112769.20	-0.651694985775314	14.8347848967391	0.0235154696273903	1.73814547275167	-0.985544487033135	2.7236899597848	7.65939100916721	6.37522195411308	9.38603994463648	3.0108179905234	SCAT
ENSG00000122176.12	-0.671887163192266	14.8040313326327	0.0236282666024575	1.46545993610664	-0.992448170001926	2.45790810610856	6.33281655734082	5.13004226278563	7.97745022674923	2.84740796396361	SCAT
ENSG00000145794.17	0.469125379171808	14.7596573952921	0.0238564226373428	2.05006364452529	4.29536299671422	-2.24529935218893	2.80853249255269	1.68082430871028	0.622287223178503	2.18624526937419	EPI
ENSG00000157613.11	0.0690015245174652	14.7030033188067	0.0241469782962893	3.83345515953058	3.71825936537223	0.115195794158355	4.43049949723134	1.86760140187624	1.86698896645819	2.56351053077315	EPI
ENSG00000060718.22	0.248734222223565	14.6916835655991	0.0241469782962893	2.32207460811693	5.77913398539875	-3.45705937728183	5.9134023514107	3.87949827789868	1.95150586658009	3.96189648483061	EPI
ENSG00000164692.17	0.00358336335765955	14.6093275821926	0.0247134020974395	3.32257409446004	3.8164909602023	-0.493916865742261	11.5025533022471	8.53146542617906	8.23074942150975	3.27180388073732	EPI
ENSG00000111275.13	-0.592858792474268	14.5818736059102	0.0248099616604673	0.610993421844325	-2.30505343124691	2.91604685309124	6.02052083272226	5.76634731479488	8.99433309277731	3.22798577798243	SCAT
ENSG00000197291.9	-0.600732483771812	14.5632742554101	0.0248301217648519	2.64941008315566	-1.97089009596459	4.62030017912026	1.86565604146488	0.822226756194107	3.5630877024601	2.74086094626599	SCAT
ENSG00000177119.16	-0.560932596286808	14.5438537489671	0.0248393588105471	0.350835103851273	-1.86184796190542	2.21268306575669	6.30741846922423	6.3325324543005	8.8418701602436	2.53445169101937	SCAT
ENSG00000127152.18	0.668470426746172	14.5285467067379	0.0248393588105471	-2.21767662911252	3.49230437812692	-5.70998100723945	2.96330123112963	4.97482744786036	1.47825871459944	3.49656873326092	META
ENSG00000187260.15	0.688070696084029	14.481912493631	0.0248393588105471	0.497563595181707	3.42131016633809	-2.92374657115639	3.76009626589273	3.68901276734367	1.66511237824356	2.09498388764917	EPI
ENSG00000163629.13	-0.322999537946054	14.4789581077997	0.0248393588105471	2.24945963302338	1.69212052862321	0.557339104400172	7.27738251108972	5.34626687785957	6.25250370513542	1.93111563323015	EPI
ENSG00000279155.1	0.53775281749139	14.4442062417356	0.0248393588105471	-4.80374986761279	-2.54527273051369	-2.2584771370991	0.0281017873567746	2.14258808517494	0.800959618335551	2.11448629781817	META
ENSG00000187758.8	-0.66699001658767	14.4369266009244	0.0248393588105471	0.930053478658252	-4.44044359511772	5.37049707377597	0.747540756299527	0.729424493124481	3.75447804650563	3.02505355338115	SCAT
ENSG00000173064.13	0.673073596247065	14.3972718802895	0.0248393588105471	-1.93327711139637	-0.0376789950948329	-1.89559811630153	6.01928530088255	8.27920831128555	6.71428540167194	2.259923010403	META
ENSG00000205542.11	0.6553037823171	14.3940811631302	0.0248393588105471	0.443922653210697	2.08031514708533	-1.63639249387464	8.81416026201385	8.71203463471665	7.37154528354783	1.44261497846603	EPI
ENSG00000131069.20	-0.617607619218736	14.3710380781873	0.0248393588105471	0.102773093262687	-2.34050149357409	2.44327458683677	4.53985276723589	4.61055430793123	7.43706094944607	2.89720818221018	SCAT
ENSG00000183688.4	0.67250012671402	14.3498615831278	0.0248393588105471	0.022162338825995	2.92460847098184	-2.90244613215585	6.58971722848195	7.0023911297429	4.36296107577184	2.63943005397105	META
ENSG00000115290.10	-0.409469289056156	14.3292981625628	0.0248393588105471	0.812639017559414	-3.55722701420427	4.36986603176369	0.529895500338367	0.626670301812218	2.5851610481112	2.05526554777283	SCAT
ENSG00000261889.1	-0.458945585121395	14.3123749905798	0.0248393588105471	-1.37988372996654	-4.59506230128688	3.21517857132034	0.223929325878923	0.905388819410943	2.49116263314067	2.26723330726175	SCAT
ENSG00000117335.19	-0.406169760346453	14.3049465441802	0.0248393588105471	-0.67716993780324	-1.81502124174221	1.13785130393897	5.30304530885468	6.39934113575959	7.72335160194907	2.42030629309439	SCAT
ENSG00000124491.15	0.523474868644134	14.2903445463885	0.0248393588105471	1.11041927099569	2.64482912212853	-1.53440985113284	7.42050115858121	6.73484421950334	5.44268557114356	1.97781558743765	EPI
ENSG00000185742.7	0.531585009952466	14.2859656691058	0.0248393588105471	1.92362773373092	4.49391112166602	-2.57028338793511	1.56907714560496	0.841955859052225	0	1.56907714560496	EPI
ENSG00000163734.4	0.574299899175266	14.2803809449506	0.0248393588105471	-0.974477107882415	3.67738948349261	-4.65186659137502	4.01283555859383	4.9435382137047	1.54593793107949	3.39760028262521	META
ENSG00000197632.9	0.625511598760258	14.2746611900999	0.0248393588105471	-4.72046741951157	-0.149132327473047	-4.57133509203852	0.865013789216487	3.88062389700459	0.930320163668227	3.01561010778811	META
ENSG00000113088.6	0.485624426646782	14.2720026112304	0.0248393588105471	1.31675100603003	4.83555252755368	-3.51880152152365	1.7163350307298	1.32041660584562	0	1.7163350307298	EPI
ENSG00000198363.18	-0.576334895311175	14.2711342726844	0.0248393588105471	0.953119936774616	-1.71065308414153	2.66377302091615	7.46724513763356	6.94377598658105	9.82546175198379	2.88168576540274	SCAT
ENSG00000206177.7	0.665344150513547	14.2511416390864	0.0248890776646826	-2.31130108751367	4.80772727355153	-7.11902836106519	3.03476851589522	5.27015789458796	1.00915512743266	4.2610027671553	META
ENSG00000141505.12	0.697769457570521	14.2179845653892	0.0250578981704853	-0.117545285593994	4.65947741183665	-4.77702269743065	2.1149333932277	2.4020922931064	0.145861699714962	2.25623059339144	META
ENSG00000121310.17	-0.63481678204252	14.194768173132	0.0251135016643937	0.18894234657911	-2.20444955905834	2.39339190563745	3.96881139316281	3.96046581982648	6.63908302275484	2.67861720292836	SCAT
ENSG00000168995.13	0.63105163217773	14.1834334972059	0.0251135016643937	0.467721186602751	4.47166678448616	-4.00394559788341	1.61137776108442	1.28341817069899	0	1.61137776108442	EPI
ENSG00000261429.2	-0.4660099863176	14.1045589747846	0.0257071597075023	-0.15158106708159	-4.39262814468259	4.241047077601	0.100043159285992	0.312261620693345	2.24106776943122	2.14102461014522	SCAT
ENSG00000169515.8	0.541318351494923	14.0290255357798	0.0258904196008988	1.76222588545796	4.34163234311746	-2.57940645765951	4.32916010498749	3.10149938195402	1.41266878549527	2.91649131949222	EPI
ENSG00000123243.15	-0.648543487724406	14.0277164853556	0.0258904196008988	0.78332555184573	-2.34068863505157	3.1240141868973	5.92306047070865	5.38163829114749	8.9232300259125	3.54159173476501	SCAT
ENSG00000079819.19	-0.699867201951205	14.0259280715446	0.0258904196008988	1.59869518631647	-0.264637604386844	1.86333279070332	8.72950980295312	7.47046281475977	9.64273595467394	2.17227313991417	SCAT
ENSG00000124780.14	0.57971879355716	14.02349447766	0.0258904196008988	1.67949985489997	5.31311564449401	-3.63361578959403	2.04992713465159	1.25404312805665	0	2.04992713465159	EPI
ENSG00000154229.12	0.531204722361784	14.0103956341836	0.0258904196008988	0.652189265149352	2.56944238637393	-1.91725312122457	5.15239935005594	4.86524469434231	3.29725613039674	1.85514321965919	EPI
ENSG00000187231.14	-0.569494930877464	13.9910325982215	0.0258904196008988	0.25188727037784	-1.60464541524298	1.85653268562082	5.72172665197771	5.81705287799024	7.97659681844508	2.25487016646738	SCAT
ENSG00000153707.17	-0.124829872884106	13.9889620964955	0.0258904196008988	4.23498893414808	3.7719264780871	0.463062456060986	5.24583719236906	2.12116432342668	2.57866184865389	3.12467286894238	EPI
ENSG00000278972.1	-0.478386206451538	13.9302975091096	0.0261205593827878	-0.78361777822774	-4.35448085252232	3.57086307429458	0	0.15208676748183	1.60743342732601	1.60743342732601	SCAT
ENSG00000230006.7	0.661238735530046	13.9295725049527	0.0261205593827878	-0.31450110677514	5.09154009432892	-5.40604120110406	4.6559039974779	5.08136154943143	1.6067231025169	3.47463844691453	META
ENSG00000171608.16	0.695035278398315	13.9225577482389	0.0261205593827878	-1.75749424291847	1.56970405278328	-3.32719829570175	4.37819710061293	6.38992830811487	3.37783933284397	3.01208897527091	META
ENSG00000178695.6	0.346079275812912	13.911475188295	0.0261205593827878	1.25490729064078	2.26978212561987	-1.01487483497909	7.73305127096244	6.92724947943087	6.06402302824864	1.6690282427138	EPI
ENSG00000155761.14	-0.305512545315146	13.8975536886941	0.0261283733379143	3.28825032673892	-1.90786347871552	5.19611380545444	1.56737780318322	0.326934109013718	3.01694745855326	2.69001334953954	SCAT
ENSG00000187010.21	0.559164086582528	13.8824588470921	0.0261480539851366	-1.871124377835	3.44131568542186	-5.31244006325686	1.82768296167888	3.18817419193414	0.241831870390328	2.94634232154382	META
ENSG00000130203.10	0.474149916659405	13.8431344638952	0.0264010053276532	1.06968429266229	2.5817101549892	-1.51202586232691	10.005137244159	9.23492495165656	8.09121234837048	1.91392489578854	EPI
ENSG00000141756.18	0.0570180877223556	13.7995703077958	0.0266374937613899	2.46868950850168	3.14744405371479	-0.678754545213108	5.50715060466035	3.5558350744365	3.34708818506705	2.1600624195933	EPI
ENSG00000187583.11	0.628677280565523	13.7838636598118	0.0266374937613899	0.00212311661733274	4.08538488725341	-4.08326177063608	2.00284004526135	2.06714436331379	0.263548991453287	1.8035953718605	META
ENSG00000140285.10	-0.145465689586051	13.7697765386762	0.0266374937613899	2.40047641186331	2.25425044120061	0.146225970662701	7.08845631333027	4.97859904723055	5.50329931116858	2.10985726609973	EPI
ENSG00000132854.19	-0.359615331011404	13.7677008430955	0.0266374937613899	1.54184660298368	-3.71154574069231	5.253392343676	0.950909078859305	0.57872374813163	3.55356153207344	2.97483778394181	SCAT
ENSG00000159307.19	0.605639095974904	13.7518829641092	0.0266690186793314	0.273036896761615	3.60441651573365	-3.33137961897204	5.7167350291642	5.85275852396047	3.04168969559832	2.81106882836215	META
ENSG00000135114.12	0.682146936340383	13.6984297649452	0.0270731335331658	-2.09698707268553	3.03258896379857	-5.1295760364841	2.00374055053099	3.67151691803099	0.702909497502097	2.96860742052889	META
ENSG00000135218.19	-0.569910650623047	13.6824521782948	0.0271084165316688	0.346006956934752	-1.70144180463034	2.04744876156509	8.3707483845922	8.43097440400426	10.7596096869196	2.38886130232744	SCAT
ENSG00000285103.2	-0.62287144482297	13.6556066894411	0.0272533431769273	0.00854697776465241	-3.63966287069215	3.6482098484568	0.778999383083728	0.976785982961367	3.17801221505236	2.39901283196863	SCAT
ENSG00000254366.7	-0.184645459490082	13.6320261303558	0.0272570516900419	4.9192674118629	2.97347959563708	1.94578781622583	2.66287437384503	0.439410175294164	0.94343795174557	2.22346419855087	EPI
ENSG00000128655.18	-0.429657853859518	13.6306965927267	0.0272570516900419	2.2086099264083	-3.01750075935447	5.22611068576277	1.67891868171332	0.719844203882496	3.93965921850448	3.21981501462199	SCAT
ENSG00000138796.16	-0.523465569813045	13.610697554348	0.02733588845931	0.0493991991576453	-2.1913249807665	2.24072417992415	4.73133039564584	4.90343721239268	7.45817350726849	2.72684311162265	SCAT
ENSG00000144810.16	-0.163325703251082	13.5925190502176	0.0273460338197938	3.51156731621793	0.725202114119295	2.78636520209864	5.57843536947963	2.74568694743439	4.94722117228933	2.83274842204523	EPI
ENSG00000182902.14	-0.412998084551939	13.5693580540724	0.0273460338197938	0.603477681815717	-4.03657996019794	4.64005764201366	0.359444859675863	0.43187332331741	2.90682387271586	2.54737901303999	SCAT
ENSG00000147576.17	-0.672189832285959	13.5573444353444	0.0273460338197938	0.779990015694609	-3.10456227918773	3.88455229488234	1.05535203102441	0.938910792969302	3.34146293696857	2.40255214399927	SCAT
ENSG00000172137.19	-0.4790078264188	13.5539277419083	0.0273460338197938	-1.68206752127577	-5.81279484068176	4.13072731940599	1.01232766429841	2.09170137086273	5.41766248109138	4.40533481679297	SCAT
ENSG00000119508.18	0.693144387268045	13.5497388449432	0.0273460338197938	-1.43409166668673	1.32760797559443	-2.76169964228116	4.93233784023092	6.66707432762865	4.13398117173774	2.53309315589091	META
ENSG00000157570.12	0.553947203598288	13.503940997055	0.0276928712414311	0.95050727990003	2.61064098426014	-1.66013370436011	5.68419095742445	5.1712072145141	3.75062529768963	1.93356565973482	EPI
ENSG00000064042.18	-0.571980856609868	13.4372635626132	0.0282644189008535	2.1078952051163	0.0469924921567419	2.06090271295956	7.45146564075029	5.66253210398632	8.09746754234513	2.4349354383588	SCAT
ENSG00000237125.10	0.381281577255483	13.4249400985189	0.028271515660609	2.52618789245041	4.66958002200087	-2.14339212955046	1.65873435250827	0.594213639862744	0	1.65873435250827	EPI
ENSG00000107317.13	0.644686121826725	13.4060966439385	0.0282798327524245	0.566622190013287	4.02100708439063	-3.45438489437734	4.44391957635366	4.08268401284258	1.76132012375848	2.68259945259518	EPI
ENSG00000105643.10	0.687745083179691	13.4010223878525	0.0282798327524245	0.0106580235749841	2.32156779928298	-2.31090977570799	6.02116685359123	6.41401982154663	4.14020676183368	2.27381305971295	META
ENSG00000112541.15	0.347944241441133	13.354606855436	0.0284756385104105	2.29294561482452	4.08662710693087	-1.79368149210635	3.69305510402413	2.36885461363161	1.33036283848799	2.36269226553615	EPI
ENSG00000154027.19	0.224722947902394	13.3494069783221	0.0284756385104105	2.79311344530545	4.26110786134379	-1.46799441603834	2.52182144278208	1.18742692737515	0.497711962727138	2.02410948005494	EPI
ENSG00000223770.5	-0.4560067237642	13.3412349861393	0.0284756385104105	-0.905577696324113	-4.31939983443581	3.4138221381117	0	0.19585439165419	1.60765640433218	1.60765640433218	SCAT
ENSG00000227502.3	0.595899186465034	13.3369750274357	0.0284756385104105	0.906212153973243	5.52609298893394	-4.6198808349607	2.41319210997759	2.07244492139435	0.0486783999435046	2.36451371003408	EPI
ENSG00000187546.14	-0.495478955233544	13.2750920278229	0.0290210115895924	-0.291258537509177	-4.20664083960946	3.91538230210028	0.0281017873567746	0.102264818556384	1.70693942021969	1.67883763286291	SCAT
ENSG00000277075.2	0.689263177020516	13.2140104990687	0.0295704339491255	-0.627400171803002	3.04381818715872	-3.67121835896172	5.14053837409394	5.88136658435894	3.15611292798923	2.72525365636971	META
ENSG00000163661.4	0.401188196365435	13.1752942213339	0.0298796988727535	-0.37067443153165	3.32302772202047	-3.69370215355212	5.0042269316065	5.3764779562083	2.45084200579619	2.92563595041211	META
ENSG00000005381.8	0.643762194542167	13.1372429551143	0.0301859481515374	-2.25894243104848	5.52888668190094	-7.78782911294942	5.51620405429755	7.19268588674934	1.66762312885036	5.52506275789898	META
ENSG00000077157.22	-0.391906943759705	13.0723382894128	0.0307271321622996	-0.657788386459391	-1.71112930022646	1.05334091376707	4.94214023196953	6.02052011482835	7.21981556745501	2.27767533548549	SCAT
ENSG00000286813.1	-0.142771183332837	13.0684095053333	0.0307271321622996	-3.15141423571586	-4.06062387146114	0.909209635745285	0.495961100024273	2.22519188012257	2.97751357061358	2.48155247058931	SCAT
ENSG00000231764.10	0.192381850229467	13.0236426839405	0.0311251640727618	3.50084985208007	4.81249693477514	-1.31164708269507	1.91327059001806	0.505666462998647	0.0707568310047942	1.84251375901326	EPI
ENSG00000286506.1	-0.621116783355296	12.9972522690705	0.0313104499436429	-0.586267455711059	-4.40364034267066	3.8173728869596	0.175344263901013	0.395019808611539	2.16504408389454	1.98969981999353	SCAT
ENSG00000154380.17	-0.125324513374561	12.9495291450254	0.0317546717868855	1.79087929872969	1.81595052649223	-0.0250712277625401	8.17417975843934	6.82795357474086	6.99480863108977	1.34622618369848	EPI
ENSG00000187048.13	-0.69081466223692	12.92072400072	0.03197534259093	-0.221426409163368	-4.08921584217288	3.86778943300951	0.356455794992901	0.564495370347124	2.57709012144592	2.22063432645302	SCAT
ENSG00000077943.8	0.60226353839114	12.9055002784655	0.032031981873011	1.28759011140419	5.3330892914036	-4.04549917999941	2.5321628385403	2.11857965185267	0.16553133105153	2.36663150748877	EPI
ENSG00000273007.2	-0.478458186448199	12.8935195236777	0.0320496467864955	-0.519444261762407	-3.68640023932975	3.16695597756734	0.258083119538276	0.455864593528111	1.97553324625819	1.71745012671992	SCAT
ENSG00000186310.10	0.0646501644951371	12.8508436993017	0.0323024914880929	3.50700903856965	3.5554452405733	-0.0484362020036492	2.49713524657662	0.783596902851858	0.774915500142049	1.72221974643457	EPI
ENSG00000204136.10	0.620426013737974	12.8481239394622	0.0323024914880929	0.652294121912935	2.71178674323351	-2.05949262132058	5.3192813208715	4.95201213940748	3.39504463077251	1.92423669009899	EPI
ENSG00000183166.11	0.4493654396436	12.8416631824748	0.0323024914880929	1.31686062434806	4.4962614516596	-3.17940082731155	2.01980764157191	1.54329445838182	0.167922008241702	1.85188563333021	EPI
ENSG00000169783.12	0.528855013212652	12.8086050487514	0.0325850661433346	1.9813495160461	4.52694111660018	-2.54559160055408	1.78430463868367	1.03104019161908	0.0707241522720116	1.71358048641166	EPI
ENSG00000177508.12	-0.0443893116893629	12.7748251710497	0.032647867956413	1.8629064238264	2.25404942299504	-0.391142999168644	6.13364885882998	4.64136258132482	4.66202962848605	1.49228627750517	EPI
ENSG00000214691.9	-0.634482831927191	12.7729882869991	0.032647867956413	-0.773048157325657	-4.35196253941952	3.57891438209386	0	0.111792119842783	1.45465249875635	1.45465249875635	SCAT
ENSG00000151917.18	0.637008856553955	12.7728839922152	0.032647867956413	2.21905381437344	5.44308401920197	-3.22403020482853	2.70926613844637	1.82301541408643	0.253432691046608	2.45583344739976	EPI
ENSG00000227051.6	-0.63887799087035	12.7298321898545	0.0328876082770425	4.37769441298056	0.857020835182922	3.52067357779764	3.0629808108901	0.743785481279655	2.93281169871951	2.31919532961045	EPI
ENSG00000178882.15	0.202896943229668	12.7162093919332	0.0328876082770425	3.2122429763479	4.73369806183678	-1.52145508548888	2.06091481296411	0.556928830157168	0.168557917052244	1.89235689591187	EPI
ENSG00000108001.13	0.343526154861697	12.7000126872295	0.0328876082770425	1.17371035457364	1.72369877073304	-0.5499884161594	6.47961082581917	5.73937995481992	5.39370384959822	1.08590697622095	EPI
ENSG00000138685.15	-0.658656040945057	12.6943878945857	0.0328876082770425	0.55313114136514	-3.743144340411	4.29627548177614	2.66822628319415	2.53318467275696	6.58438178080999	4.05119710805303	SCAT
ENSG00000285732.1	-0.487855797339965	12.6703748708224	0.0328876082770425	-0.905678415932674	-4.37564133329713	3.46996291736445	0	0.19585439165419	1.59982570300524	1.59982570300524	SCAT
ENSG00000167676.4	-0.690391382069624	12.6694210888291	0.0328876082770425	1.13511095227531	-4.22765105947485	5.36276201175016	7.41454362749222	6.14131593673852	11.7630666197551	5.62175068301656	SCAT
ENSG00000166819.12	-0.689230997270734	12.6588329941461	0.0328876082770425	2.05731837673269	-2.82126817179867	4.87858654853136	8.16975780058349	6.08933317832967	11.4795738995075	5.39024072117778	SCAT
ENSG00000074935.14	-0.648219724500046	12.6578989427378	0.0328876082770425	1.63538424473548	-2.12159550625805	3.75697975099353	2.15305253530744	1.45889249113156	4.18055514731144	2.72166265617988	SCAT
ENSG00000105852.11	0.0724335684227619	12.6506603894386	0.0328876082770425	4.43780300664821	3.71551697448245	0.722286032165753	1.91740739040584	0.234880970909183	0.389449865848488	1.68252641949666	EPI
ENSG00000231389.7	0.592668916209783	12.6449862432945	0.0328876082770425	0.0536756568242647	2.08101931112405	-2.02734365429978	5.9460286692169	6.25512418664628	4.35025069630436	1.90487349034192	META
ENSG00000280302.1	-0.426513589513725	12.643613318285	0.0328876082770425	0.789005516561835	-3.81817105976751	4.60717657632934	0.339689714004837	0.281107009095098	2.4509558952682	2.1698488861731	SCAT
ENSG00000182853.12	0.506101169181884	12.6350790749986	0.0328876082770425	2.58432022629127	4.73871987229309	-2.15439964600182	2.12139490715694	0.991258231829789	0.18066813541553	1.94072677174141	EPI
ENSG00000049323.16	0.536842480583195	12.6143613714129	0.0329421769075479	0.886471367605979	2.4691110109468	-1.58263964334083	5.9248394013056	5.57574980988682	4.17143943193054	1.75339996937506	EPI
ENSG00000118849.10	-0.0510774156322495	12.6115847857723	0.0329421769075479	4.21834239669886	2.92741447614855	1.29092792055032	2.99190403905367	0.952551767876465	1.44006249457204	2.03935227117721	EPI
ENSG00000134853.12	-0.0481460542359298	12.5965595051934	0.0330122112984237	2.05555105561848	2.14437811873051	-0.088827063112033	6.61810170964577	4.87669471384363	5.10145434758607	1.74140699580214	EPI
ENSG00000196368.5	0.314355875260749	12.5796411524142	0.0331072838234618	2.57581970387183	4.88540495453917	-2.30958525066734	2.00215709471421	0.791172526066397	0.0508047852315816	1.95135230948263	EPI
ENSG00000226891.9	-0.658694870510632	12.5534641693283	0.0333228287657659	-1.13293965281785	-4.29666524627336	3.16372559345552	0.467410750647942	0.996438339136506	2.83541094310179	2.36800019245385	SCAT
ENSG00000230435.1	-0.462995936358927	12.4805270101049	0.0341567888121451	0.326918025244768	-3.84059748888091	4.16751551412567	0.177819442020501	0.136232016100809	1.89629547441503	1.76006345831422	SCAT
ENSG00000091436.17	-0.595780466167472	12.4701981283441	0.0341698891755822	0.633160086464317	-1.40617395751124	2.03933404397555	5.64460469926309	5.26251462464936	7.68386335611466	2.4213487314653	SCAT
ENSG00000078549.14	-0.674574223255131	12.4370315797915	0.0344896047328619	0.646849380717273	-3.56894406573806	4.21579344645533	0.774487832291601	0.574563160793174	2.97291685050553	2.39835368971235	SCAT
ENSG00000172955.17	-0.450035951135287	12.3846207280783	0.0349560265965004	-1.18228444278616	-4.55211274351255	3.36982830072639	0	0.312261620693345	1.73926249807789	1.73926249807789	SCAT
ENSG00000138741.11	0.393268225726286	12.3842187110738	0.0349560265965004	2.19341050621572	5.2363018288079	-3.04289132259218	1.9786499230632	1.10261329701831	0.0256449716657732	1.95300495139742	EPI
ENSG00000101825.8	0.035366322672235	12.3491828389428	0.0351487422925219	1.89004319627167	1.62450646648862	0.265536729783053	7.10111456055317	5.59955253196723	6.13010156034762	1.50156202858594	EPI
ENSG00000134871.19	-0.635903223148441	12.346661593418	0.0351487422925219	2.24074862657835	-1.37494646075331	3.61569508733166	8.03932783429245	6.22652393109239	10.115295505118	3.88877157402562	SCAT
ENSG00000222389.1	-0.445452890252657	12.3428085596464	0.0351487422925219	-0.71685421830152	-4.40838512978597	3.69153091148445	0.122681603188887	0.358862144964857	1.96298410030802	1.84030249711913	SCAT
ENSG00000169439.12	-0.683269036700438	12.2980808864983	0.0355564273483207	1.88252296547822	-1.13300001762489	3.01552298310311	5.6842631937736	3.71430418269474	7.4459494044745	3.73164522177976	SCAT
ENSG00000054598.9	0.576479897420505	12.2772226759288	0.0355564273483207	1.2948687668738	2.90208899258638	-1.60722022571258	6.75237756242973	5.96777039061399	4.04122344452716	2.71115411790257	EPI
ENSG00000260105.6	-0.422136079433494	12.2771926356928	0.0355564273483207	-0.39465826249419	-4.68300356032291	4.28834529782872	0.313376935328785	0.494659523927442	2.88678573028542	2.57340879495663	SCAT
ENSG00000236333.4	-0.646822336907743	12.2693573839835	0.0355564273483207	0.750193384893737	-3.85152365776421	4.60171704265795	3.03821280512033	2.58631320765325	7.48265533776548	4.89634213011222	SCAT
ENSG00000169418.10	-0.688128838395608	12.2686030002303	0.0355564273483207	0.0963451831730755	-2.77587840594868	2.87222358912176	3.69931031087392	3.68718876209489	7.01392484267943	3.32673608058454	SCAT
ENSG00000234389.1	0.64824034730155	12.2337789539664	0.0359222293190386	-2.83054637663844	1.97565343441843	-4.80619981105687	0.988751660650328	2.51398672192967	0.186691616793798	2.32729510513587	META
ENSG00000206527.10	-0.402179025698555	12.1979998902161	0.0360473660384945	-0.61276529146044	-2.82297611864567	2.21021082718523	3.83403631275894	4.35113621419866	6.87191946872892	3.03788315596997	SCAT
ENSG00000253293.5	-0.660796987777704	12.1936210009642	0.0360473660384945	3.14955611369472	-1.07731052227929	4.22686663597401	3.23539744472749	1.54897459173955	4.64917253121202	3.10019793947248	SCAT
ENSG00000166289.6	-0.532381776875948	12.1918969929648	0.0360473660384945	0.253854263769391	-3.24703044960333	3.50088471337272	1.62588366097938	1.74999079783185	4.35397064802568	2.7280869870463	SCAT
ENSG00000109819.9	-0.508214195266634	12.1899250738268	0.0360473660384945	2.61061945627337	-1.28799326105117	3.89861271732454	2.12482246282729	1.1489655510653	3.42193767883945	2.27297212777415	SCAT
ENSG00000084674.14	0.242252630587949	12.1678231414395	0.036239363724255	0.410502977107214	4.05801071784209	-3.64750774073488	4.75798934063966	4.22277141659646	2.12614159805792	2.63184774258174	EPI
ENSG00000258545.6	-0.695802624350696	12.1572093759573	0.0362677500960697	2.43683087147513	-2.24570149128711	4.68253236276224	2.06739972844615	1.1333069708282	4.10106534896864	2.96775837814043	SCAT
ENSG00000171714.11	-0.127111526635859	12.1413591572881	0.0363720531634015	3.7456835567296	2.60629865773681	1.13938489899279	4.39869668056741	1.63657564247908	2.63206578105126	2.76212103808833	EPI
ENSG00000252026.1	-0.496597789511232	12.1239200585942	0.0365002537406358	-0.384050114822577	-3.97998662131884	3.59593650649626	0	0.0647629190579584	1.43385508595818	1.43385508595818	SCAT
ENSG00000169071.15	0.317885462775324	12.0905108721491	0.0368626061473452	3.21297369973603	4.67209383138111	-1.45912013164508	3.25768763814221	1.48712712534808	0.750508179066209	2.507179459076	EPI
ENSG00000250295.6	-0.261944680412638	12.0659442929968	0.0369968762858154	-1.19201238990737	-4.30138654409776	3.10937415419039	0.522802930668496	1.2329800872704	3.12172464586286	2.59892171519436	SCAT
ENSG00000187193.9	-0.582108209028698	12.0644272232407	0.0369968762858154	0.270340106327351	-3.12422962334434	3.39456972967169	2.74512494794546	2.69567530151842	5.85760550102318	3.16193019950476	SCAT
ENSG00000251432.7	-0.301656144539183	12.0418325398548	0.0370858612276657	-1.53749841273223	-3.52640995106843	1.9889115383362	1.42933278440008	2.53205589363259	4.19415037845645	2.76481759405637	SCAT
ENSG00000126785.13	0.432454127401463	12.0415874819466	0.0370858612276657	1.321646051325	3.45037091169492	-2.12872486036992	4.00243708972994	3.15394454521824	1.79423107112862	2.20820601860132	EPI
ENSG00000166250.12	-0.685980085312257	12.0109693090892	0.0371094390248091	1.62447072359361	-1.49919688216815	3.12366760576177	5.96223007208277	4.17939795493961	8.11001840491631	3.9306204499767	SCAT
ENSG00000169385.3	0.609094157458842	12.0069330288573	0.0371094390248091	-0.560946273812786	5.40193229635977	-5.96287857017256	3.44350387231796	4.06409212204424	0.950784193856272	3.11330792818797	META
ENSG00000229808.1	0.685179240669763	12.0059399166853	0.0371094390248091	-1.97697099119194	2.31310855997842	-4.29007955117037	1.933230568	3.60176244388888	0.951364916411859	2.65039752747702	META
ENSG00000157557.13	0.645056343953904	12.0037264352829	0.0371094390248091	-0.285105202784562	2.29142105364599	-2.57652625643055	6.08120022415804	6.89895078755094	4.42839007343259	2.47056071411836	META
ENSG00000174233.11	-0.550357751066166	11.998535797918	0.0371094390248091	0.173039581139445	-1.96734904044572	2.14038862158517	4.7536687971548	4.91839445327845	7.26143399041049	2.50776519325569	SCAT
ENSG00000152760.10	0.69669724511258	11.9862392329089	0.0371469146532775	0.294181048243623	4.55022927453793	-4.25604822629431	1.59367635144265	1.63940152095956	0	1.63940152095956	META
ENSG00000177575.12	0.668219523344917	11.9796404576534	0.0371469146532775	-0.154112516898662	1.93864335085543	-2.09275586775409	7.09659875598751	7.67259949993421	5.79591628561373	1.87668321432048	META
ENSG00000138180.16	0.580985234506121	11.9667715995406	0.0371767506673834	2.26826001922746	4.9277179033868	-2.65945788415934	2.08592915725584	1.03417246708805	0.0486783999435046	2.03725075731233	EPI
ENSG00000154928.18	0.409673399638753	11.9520742822228	0.0371767506673834	1.70336582357548	4.08411061562962	-2.38074479205415	2.47615863639491	1.68017704900558	0.524899216358017	1.95125942003689	EPI
ENSG00000162595.7	0.065529024556104	11.9451877316768	0.0371767506673834	4.34313644853072	3.6259238378892	0.717212610641517	2.42886629636921	0.470932582197637	0.731401514037714	1.95793371417158	EPI
ENSG00000115844.11	0.606058729059396	11.9280982612096	0.0371767506673834	-1.36277863705453	3.33355711424944	-4.69633575130397	1.00896102059332	1.75238152832856	0.0190230502751276	1.73335847805343	META
ENSG00000114541.15	0.567488443231777	11.9259754393103	0.0371767506673834	1.12495761320123	2.63617934390478	-1.51122173070355	5.4531878871328	4.89910854732788	3.55120833965837	1.90197954747444	EPI
ENSG00000205213.14	-0.504910612872842	11.9233119814551	0.0371767506673834	-0.600425024303057	-2.54299959093897	1.94257456663591	3.5071887803962	4.40830227728123	6.4687335405514	2.9615447601552	SCAT
ENSG00000013725.14	0.624235730471952	11.921284309521	0.0371767506673834	-2.55796036528329	2.2253770716873	-4.78333743697059	1.63971826681659	3.60834566843224	1.03581561144812	2.57253005698412	META
ENSG00000106278.12	-0.324374879984379	11.907074585026	0.037270404461625	4.9088368545403	3.40177011555335	1.50706673898695	2.94323554627821	0.448692935259331	1.22338096552466	2.49454261101888	EPI
ENSG00000105426.16	-0.565749341781471	11.8918511926618	0.0373148257944024	0.917867416209687	-1.3942500349628	2.31211745117249	7.39116523887081	6.88464263417186	9.46102037734272	2.57637774317086	SCAT
ENSG00000147100.11	-0.690611909736402	11.8883281736937	0.0373148257944024	2.93940418487107	-1.4122918000629	4.35169598493396	2.97510235175756	1.48278773146069	4.64551500831484	3.16272727685416	SCAT
ENSG00000102575.13	0.481030337916933	11.8426529234257	0.0378864645249442	1.26935555043462	3.90280513430138	-2.63344958386676	4.4345569734714	3.44445637910111	1.87914318044738	2.55541379302403	EPI
ENSG00000269113.4	0.482792658278213	11.8201006602691	0.0381120893644916	1.62666611490159	3.91114695832176	-2.28448084342017	3.87915736315879	2.78439375962667	1.42550875886871	2.45364860429008	EPI
ENSG00000149591.17	0.158813808330409	11.7763956741078	0.0386683913074975	1.33451389696295	2.16851163872883	-0.833997741765876	6.67346344119611	5.70278231268453	5.15746266484965	1.51600077634646	EPI
ENSG00000138162.19	-0.553375725692843	11.7423003707257	0.0389933685078587	0.395917661353829	-2.58373069716261	2.97964835851644	4.3937640094212	3.89190253356803	7.27892499137045	3.38702245780242	SCAT
ENSG00000110660.15	0.680402930852596	11.7402573386067	0.0389933685078587	0.142049305204041	4.19312973598472	-4.05108043078068	1.58066209493513	1.70811708006872	0.0720380424038819	1.63607903766484	META
ENSG00000115457.10	0.319747045970993	11.7320808741667	0.0390014086352532	1.20931087755863	3.14928601637281	-1.93997513881418	5.37359249633552	4.56202579102228	3.22651398907214	2.14707850726338	EPI
ENSG00000125538.12	0.611661927843204	11.716763706883	0.0390210395445483	-2.06755448639647	2.8930743781234	-4.96062886451987	3.77074750171214	6.33445593949684	2.15510376103937	4.17935217845747	META
ENSG00000118729.11	-0.46258624959673	11.7084401824363	0.0390210395445483	-0.154873692779992	-4.47576465489368	4.32089096211368	0.127681388422011	0.184244271537954	2.2415787949008	2.11389740647879	SCAT
ENSG00000204950.4	0.422470535698098	11.7079979071145	0.0390210395445483	1.9143143278236	4.91148868949967	-2.99717436167607	2.49439964472326	1.63655011058561	0.259710848736999	2.23468879598626	EPI
ENSG00000173227.14	0.352924723552563	11.6960703813603	0.039090153725404	1.9310831175209	4.03956541254933	-2.10848229502843	3.55736970078229	2.28408545883971	1.20986580734814	2.34750389343414	EPI
ENSG00000101445.10	0.658074769527787	11.6884836691804	0.039091007346458	-1.16376307841989	1.19591349640412	-2.35967657482401	4.43439336894594	5.91012777211249	3.64085527961687	2.26927249249562	META
ENSG00000115306.16	-0.636255698635603	11.6736816638286	0.0391018835451467	0.107574118394297	-2.57574892790663	2.68332304630093	10.0972415661088	9.91751902872107	12.5361110068066	2.61859197808551	SCAT
ENSG00000091656.19	-0.567226724004253	11.6709236379428	0.0391018835451467	2.70293921572293	0.471292744036735	2.2316464716862	6.81921846035835	4.12513173092427	7.02813456564288	2.90300283471861	SCAT
ENSG00000185112.6	0.30579437526009	11.6653539692818	0.0391018835451467	1.23385686634769	3.32130089767913	-2.08744403133145	4.9212345693293	3.90738775213471	2.56217486800995	2.35905970131936	EPI
ENSG00000166793.12	0.639689662859437	11.6575655846103	0.0391075687751193	-3.38122833108604	-0.0141894052421199	-3.36703892584392	1.88920033246576	4.92563423039429	2.2254328223128	3.03643389792853	META
ENSG00000104783.14	0.650178256363098	11.6304332001048	0.0394223805215558	-1.70530133231247	3.90735953085848	-5.61266086317095	2.14892830342061	4.0790034902428	0.897723023523772	3.18128046671903	META
ENSG00000104290.11	0.302879369272907	11.6129563516743	0.039568953499272	3.18619696467765	4.64916396463134	-1.46296699995369	2.78929819987797	1.11078906338245	0.527153596283124	2.26214460359484	EPI
ENSG00000162496.9	-0.690715253744485	11.6065951041209	0.039568953499272	0.468891909956285	-1.75565375479234	2.22454566474863	5.59956921313571	5.4042603428939	8.01504427316134	2.61078393026744	SCAT
ENSG00000110047.18	0.673780449390849	11.5991132771325	0.0395715646148528	-1.14147581975395	0.800799339435906	-1.94227515918986	6.61958915920852	8.20004967990013	6.47363029022585	1.72641938967427	META
ENSG00000187134.14	-0.643229458117339	11.5903533270242	0.039595187160721	0.115249497103151	-2.56167236055475	2.6769218576579	4.47323677286766	4.10247644420948	7.44844111671996	3.34596467251049	SCAT
ENSG00000009694.13	-0.591744034486864	11.5690456243505	0.0397310686117824	-2.59475906561924	-4.60940197098697	2.01464290536773	0.92435435750182	2.3600574949485	4.0917577109169	3.16740335341508	SCAT
ENSG00000168779.19	-0.684344771859706	11.5674368605333	0.0397310686117824	2.79403442820054	-0.358156081424437	3.15219050962498	3.93961017183548	1.88553548635186	4.80171138749241	2.91617590114055	SCAT
ENSG00000249669.10	-0.603710770291006	11.5577608596688	0.039770926812108	-0.33324538725145	-3.49818455064164	3.16493916339019	3.39623046013968	3.35928109382306	6.84780695436396	3.4885258605409	SCAT
ENSG00000274618.1	0.623563650755102	11.5192050775481	0.0401411214917956	-0.179901046182314	4.51139906821643	-4.69130011439874	4.71629091709956	4.81986540359274	1.76540504151666	3.05446036207608	META
ENSG00000288156.1	0.611882946419532	11.5169978657266	0.0401411214917956	-2.97449874681833	-0.297115231983086	-2.67738351483525	1.94518003841138	4.72845002279326	2.53008777868423	2.78326998438189	META
ENSG00000131711.15	-0.567343752422504	11.5135862531926	0.0401411214917956	2.87780828047169	0.945551428568072	1.93225685190362	8.05019238384274	5.52425617276265	7.78981783865363	2.52593621108009	EPI
ENSG00000083857.14	-0.631660728247471	11.486719267675	0.0404670503652517	1.53763191411992	-0.630488254207884	2.16812016832781	6.59166816280895	5.31048681324412	7.91878872631496	2.60830191307085	SCAT
ENSG00000079308.19	-0.453658342014851	11.4706959880679	0.0405515083461427	-0.674737303946526	-2.53375419911786	1.85901689517133	9.09105692313117	9.98393097734191	11.82588327108	2.73482634794886	SCAT
ENSG00000234899.10	-0.449801787502213	11.4668400949967	0.0405515083461427	-1.41521504833841	-4.09431759818493	2.67910254984653	0	0.255282539908424	1.17701279294492	1.17701279294492	SCAT
ENSG00000174332.5	-0.681444178289533	11.4604499736402	0.0405515083461427	2.26270216006216	-2.04121426319984	4.303916423262	1.39035484134468	0.609332348674392	2.91979485918423	2.31046251050984	SCAT
ENSG00000173698.18	-0.655095162321494	11.4486551875249	0.0406309143482446	0.69194291681647	-2.96386139920171	3.65580431601818	0.843782892762372	0.704481697209712	2.83564620844356	2.13116451123384	SCAT
ENSG00000269028.3	0.240736099064239	11.4335745419953	0.0406309143482446	1.46249124415943	2.51563641349417	-1.05314516933474	5.99061456678208	5.01494757240655	4.3065886643455	1.68402590243658	EPI
ENSG00000169851.15	-0.458868589191558	11.4297034285199	0.0406309143482446	2.08845167681562	-2.15154480482956	4.23999648164518	1.53376286751982	0.690810415999036	2.96603176875047	2.27522135275143	SCAT
ENSG00000099204.20	-0.697594883480399	11.4215149905576	0.0406309143482446	0.721758932012821	-1.16246693853495	1.88422587054777	5.62801813278808	5.23863385059968	7.41784190277854	2.17920805217886	SCAT
ENSG00000236283.5	-0.698987267540029	11.4158040749242	0.0406309143482446	0.661901637900292	-3.55530727310175	4.21720891100204	0.559689878665071	0.300007363784619	2.37931876246389	2.07931139867927	SCAT
ENSG00000144057.15	0.608249409828492	11.4139427005331	0.0406309143482446	1.20175938517712	4.79518741355009	-3.59342802837298	1.82972951307011	1.40789892523829	0	1.82972951307011	EPI
ENSG00000144278.15	-0.66184776178606	11.3942933153603	0.04084497089721	-0.211497149452837	-4.86975605589139	4.65825890643856	0	0	2.24227298409558	2.24227298409558	SCAT
ENSG00000276085.1	0.407359091875252	11.3828614582708	0.0409220659324182	-1.62952226479309	2.33727003411385	-3.96679229890694	2.55469741257545	3.74903587198046	1.30040987966734	2.44862599231312	META
ENSG00000267280.5	-0.466790050554246	11.3641800329913	0.0411162957556573	2.99883983146002	-0.621665804046279	3.6205056355063	1.2042182746793	0.258734058280663	1.81200445783346	1.5532703995528	SCAT
ENSG00000169435.14	-0.420569632406163	11.3548041035434	0.0411162957556573	-0.138613708911129	-4.10985465263315	3.97124094372202	0.419502416095697	0.508589498440845	2.68192032009673	2.26241790400103	SCAT
ENSG00000148346.12	0.653090502532558	11.3435446334576	0.0411162957556573	-1.45255859724174	4.68814825268516	-6.14070684992689	4.47847589192511	5.92524840310689	1.58886430299932	4.33638410010757	META
ENSG00000183682.8	0.405705991704347	11.3413372706544	0.0411162957556573	2.10192687061725	3.78631414220038	-1.68438727158313	3.79906681050968	2.3313595138629	1.43155870030049	2.36750811020919	EPI
ENSG00000080493.17	-0.605295991467987	11.3294543422151	0.0411162957556573	0.225876164653544	-2.09883847334491	2.32471463799845	3.30947691375831	3.26096793459128	5.76610617673405	2.50513824214277	SCAT
ENSG00000204592.9	0.630628241825292	11.3262442494553	0.0411162957556573	-0.743681537182084	0.896064470619601	-1.63974600780169	8.11923842928675	9.15908672230843	7.86897827639733	1.2901084459111	META
ENSG00000075223.14	-0.680457075730988	11.3226653964475	0.0411162957556573	2.81784764717429	-2.33434882449591	5.1521964716702	4.30238898201904	2.25794902006309	7.22471952266004	4.96677050259695	SCAT
ENSG00000279862.1	0.142318428292522	11.3173627118941	0.0411162957556573	-4.28048429630759	-3.74934601658669	-0.531138279720904	0.478134528618273	2.54307188713594	2.14536076789769	2.06493735851767	META
ENSG00000139220.16	0.219784721918676	11.2865192983449	0.041406215292392	2.49596722101534	3.62216326002312	-1.12619603900778	4.12803129558638	2.35368892476628	1.74315872930139	2.38487256628499	EPI
ENSG00000253456.1	-0.478170662440245	11.2807550535877	0.041406215292392	0.459799063069756	-3.01461331097347	3.47441237404323	1.1034349180784	1.10385996591522	3.21199254118175	2.10855762310335	SCAT
ENSG00000254726.3	0.603411815224498	11.2723247983992	0.041406215292392	1.42844028225671	4.41945660897942	-2.99101632672271	2.30389586560742	1.8772149135196	0.322271991955559	1.98162387365186	EPI
ENSG00000253811.1	-0.469752014258554	11.2714168109843	0.041406215292392	-0.862866435534936	-3.78852113541107	2.92565469987614	0.264035122746087	0.933661684957407	2.33948343164091	2.07544830889482	SCAT
ENSG00000255040.1	-0.206786244806863	11.2673186057496	0.041406215292392	-2.86658701362748	-5.30008213379839	2.43349512017091	0	0.865802900617428	2.16862809112127	2.16862809112127	SCAT
ENSG00000153993.13	0.514645289098804	11.2430997308848	0.0416661240576416	2.42649343497298	4.27742305997555	-1.85092962500257	2.89923685599918	1.6327128523959	0.629258968961408	2.26997788703777	EPI
ENSG00000149115.14	-0.678541129660985	11.2391534501177	0.0416661240576416	1.29048145305268	-0.797831954649457	2.08831340770214	7.72228252378858	6.92494991256161	9.24811823946457	2.32316832690296	SCAT
ENSG00000141562.18	0.689451106901592	11.2196034926847	0.0418479143695232	-1.60147886187372	0.0340677004262888	-1.63554656230001	4.79493856207872	6.72718976212527	5.31298110150023	1.93225120004654	META
ENSG00000157483.9	0.476029633138831	11.2156823685427	0.0418479143695232	0.996229939449297	2.21124166444473	-1.21501172499544	5.41081416183794	4.78310282455618	3.89226775754596	1.51854640429197	EPI
ENSG00000073605.18	-0.0815536830614264	11.2080407511581	0.0418684475986207	-1.8109472651839	-2.25756967823894	0.446622413055038	2.90993055664603	4.93649165115611	5.40390216083938	2.49397160419334	SCAT
ENSG00000120885.22	-0.675150573673913	11.1808269700051	0.0421344822355095	0.935522437441657	-1.42671439177198	2.36223682921364	6.77019934689909	6.20451900197235	8.89924123395435	2.694722231982	SCAT
ENSG00000034510.6	0.355567898459097	11.1796827246869	0.0421344822355095	1.07613584869714	1.91298670085398	-0.836850852156845	8.42275134143294	7.76534919252485	7.15954494084062	1.26320640059233	EPI
ENSG00000115009.13	0.668157963864191	11.1735549422112	0.0421344822355095	-3.12222078929697	1.62845765006938	-4.75067843936634	0.451745456275577	2.01853434530788	0	2.01853434530788	META
ENSG00000184905.9	0.0111710467464216	11.1516159024515	0.0422676264102336	4.17634392997644	3.8856458439386	0.290698086037839	1.74689911063101	0.222335529344553	0.265964719409082	1.52456358128645	EPI
ENSG00000109686.18	-0.644016186440073	11.1481339775626	0.0422676264102336	1.77989885647974	-0.583509440261087	2.36340829674082	7.2677271404484	5.68838202462208	8.57749903149106	2.88911700686898	SCAT
ENSG00000144908.13	-0.647969533992888	11.1469072397177	0.0422676264102336	1.0687456655619	-3.67371533827785	4.74246100383975	2.75696172038517	2.13974727884582	6.43001301776008	4.29026573891427	SCAT
ENSG00000135333.14	-0.4560941910036	11.1150846771972	0.0427198949032739	0.660511755536754	-4.11010325767928	4.77061501321603	0.461294636525549	0.0277910519587738	1.97555130010297	1.9477602481442	SCAT
ENSG00000075213.11	-0.267050561587035	11.0852874787222	0.0429861430044282	-1.34925269691947	-3.41009444654794	2.06084174962846	1.75324730582206	2.83712410150275	4.71835606296568	2.96510875714361	SCAT
ENSG00000158486.13	-0.302961765367543	11.0836012550561	0.0429861430044282	-1.22587955885525	-4.55697065354551	3.33109109469026	0.32198793658755	0.688735690701926	2.50984341507159	2.18785547848404	SCAT
ENSG00000141753.7	-0.0284447084949115	11.0804437588264	0.0429861430044282	2.5075783727093	2.69555189024919	-0.187973517539885	8.94522897336281	6.82519684527085	6.83245386203822	2.12003212809196	EPI
ENSG00000229246.2	-0.580560635655892	11.0722499172777	0.0429861430044282	-0.212121196827504	-4.23219340012426	4.02007220329676	0	0	1.41845100374641	1.41845100374641	SCAT
ENSG00000230148.8	-0.597543714891816	11.0689605728455	0.0429861430044282	1.87078786847829	-1.74031029925385	3.61109816773214	1.38039561255012	0.721912901364257	2.57873558954406	1.8568226881798	SCAT
ENSG00000100626.17	-0.677520348471919	11.0547768080787	0.0431302067146098	0.17521792073999	-3.64866467664398	3.82388259738397	1.054072788521	1.24599054634045	3.83937201895493	2.78529923043393	SCAT
ENSG00000180806.5	-0.487610894370208	11.0438951014543	0.0432153729866056	3.0015288406788	-0.809030068450023	3.81055890912882	2.4732643325034	1.05685927781365	3.23791464847613	2.18105537066248	SCAT
ENSG00000152492.15	-0.604635077722312	11.0353123965873	0.0432593799874381	0.857314387846464	-1.09677775197254	1.954092139819	6.23309916505094	5.70452149364342	7.99432113700887	2.28979964336544	SCAT
ENSG00000231106.2	0.648106939408696	11.0210857656927	0.0434064663709783	1.27015834743318	4.4452620639459	-3.17510371651272	2.66705783128441	2.03213136463089	0.615463036486612	2.05159479479779	EPI
ENSG00000074416.14	-0.601419248526396	11.01082631491	0.0434623292497693	0.556520559175411	-1.40449518345482	1.96101574263023	6.29856650433919	6.2149129461568	8.39664147637922	2.18172853022242	SCAT
ENSG00000170011.14	0.409946756740841	11.0058078378669	0.0434623292497693	1.47710491358334	3.13170975432888	-1.65460484074554	3.93169205350462	2.83856414927841	1.88617829680108	2.04551375670354	EPI
ENSG00000255398.3	0.28677851091499	10.9683247692318	0.043598401611734	-3.83095839891607	-2.2660347129858	-1.56492368593028	0.482991039420182	2.32231509674892	1.45241025219979	1.83932405732873	META
ENSG00000164647.9	-0.642549383265739	10.9653958886169	0.043598401611734	3.69295638666818	0.0546770896716149	3.63827929699656	3.53048812495988	1.45337183124751	4.02013282794278	2.56676099669527	SCAT
ENSG00000184009.12	0.646555299870564	10.9653878353364	0.043598401611734	0.511098238471795	1.61743145263384	-1.10633321416204	10.0293308590724	9.70963863852835	9.10773124444147	0.921599614630953	EPI
ENSG00000257017.9	0.540375487090167	10.9623948962765	0.043598401611734	0.982978193038405	3.92771921589623	-2.94474102285782	4.19724536054458	3.88328282847417	1.71735843805983	2.47988692248475	EPI
ENSG00000160796.17	0.693771307692006	10.9593400576069	0.043598401611734	-1.72439237514854	0.663664328021862	-2.3880567031704	4.79590036745545	6.89871343663263	4.76092828046137	2.13778515617127	META
ENSG00000013297.11	0.0997101728071324	10.9574881455049	0.043598401611734	3.26570442969811	4.5621967523796	-1.29649232268148	2.3466621099281	0.851083651723382	0.370355000537014	1.97630710939108	EPI
ENSG00000275302.2	0.607609371196865	10.9504163293423	0.043598401611734	-0.822100484065561	3.85725829563565	-4.67935877970121	3.49066600631319	4.7312182589165	1.21063738454208	3.52058087437441	META
ENSG00000181541.6	0.407971585157569	10.9400299104356	0.043598401611734	2.07918189059922	5.0627933589206	-2.98361146832138	2.96613096998608	1.74072908012602	0.363653841694827	2.60247712829126	EPI
ENSG00000090530.10	0.639251874670541	10.9350454634364	0.043598401611734	0.533360440577964	3.67217822863461	-3.13881778805665	3.7055662987688	3.30387526009771	1.39396598898053	2.31160030978827	EPI
ENSG00000166482.11	-0.637233374278878	10.92878309227	0.043598401611734	0.314385263042879	-3.22289854999404	3.53728381303692	2.26777260893857	2.48297335473099	5.55947469212711	3.29170208318854	SCAT
ENSG00000164111.15	-0.574891901816135	10.9277530514822	0.043598401611734	0.855959581294608	-0.801514978320567	1.65747455961517	7.59153617241735	7.18714461597256	9.13088966919756	1.943745053225	SCAT
ENSG00000215018.10	0.324570239099435	10.9229655970665	0.043598401611734	0.666247707091433	4.60419988396808	-3.93795217687665	4.65336310715812	4.16153132455363	1.8367698099056	2.81659329725252	EPI
ENSG00000278873.1	-0.385327930977066	10.9170050403068	0.043598401611734	-1.08050294695218	-4.38340789793606	3.30290495098388	0.142902857712875	0.39404565067398	1.95189879832739	1.80899594061451	SCAT
ENSG00000226009.2	-0.37337630262463	10.9148262652972	0.043598401611734	-0.293171423041783	-4.1291460735868	3.83597465054502	0.395692970223587	0.585789681894588	2.64757087633215	2.25187790610856	SCAT
ENSG00000109472.14	-0.62606903827433	10.8920702409713	0.0439109658682872	3.5628509035207	0.592564334897584	2.97028656862311	6.42286513510401	3.0469594952069	6.57245548137878	3.52549598617188	SCAT
ENSG00000117525.14	-0.686748869476506	10.8759036549977	0.0441034547876953	0.497177502864121	-3.68655741947201	4.18373492233613	3.11562872133892	2.57314713137802	6.69292118636315	4.11977405498513	SCAT
ENSG00000155254.13	0.493264687510524	10.8571179172632	0.0442647972745925	0.971624549822079	2.77389071763013	-1.80226616780805	4.75631830885548	4.19640929460798	2.9116972949145	1.84462101394098	EPI
ENSG00000053438.11	-0.46898038976004	10.8536194625186	0.0442647972745925	-0.154816637960652	-3.79902617987364	3.64420954191298	1.97371156852297	2.22295111720117	5.42790544082517	3.4541938723022	SCAT
ENSG00000189221.9	-0.660864930741563	10.846856924933	0.0442647972745925	0.528130451850077	-2.69420066035245	3.22233111220253	5.66192050754735	4.81812691887228	8.89274844901746	4.07462153014518	SCAT
ENSG00000212743.2	-0.507165611523219	10.8402150568414	0.0442647972745925	-1.54929230807221	-4.16625321311757	2.61696090504536	0.681401679069344	1.29156074299861	2.87783373648291	2.19643205741356	SCAT
ENSG00000163064.6	-0.56581879326717	10.8344257351336	0.0442647972745925	1.01230333128875	-3.08519538904011	4.09749872032886	0.558394704220234	0.15621129759457	2.19231952704991	2.03610822945534	SCAT
ENSG00000144824.21	-0.64432669091373	10.8185897523914	0.0442647972745925	0.664744063066996	-1.95346483014879	2.61820889321578	5.32135416730415	4.49810735074385	7.87127972241555	3.3731723716717	SCAT
ENSG00000248295.2	-0.480498282858733	10.8174313427734	0.0442647972745925	-0.810754091862457	-3.98537339533037	3.17461930346792	0	0.167273813026435	1.39747924179948	1.39747924179948	SCAT
ENSG00000130635.15	-0.31138717886609	10.8164504988597	0.0442647972745925	2.50829918620468	1.35550941040735	1.15278977579733	8.64447199986792	6.58471327090906	7.88388919691311	2.05975872895887	EPI
ENSG00000165124.18	-0.571771706833377	10.81564755527	0.0442647972745925	0.325605069904888	-1.65191356959239	1.97751863949728	5.33730971355679	5.20634971741647	7.60731966434175	2.40096994692528	SCAT
ENSG00000137941.17	-0.671720572042876	10.8044186383806	0.0442725214150627	0.974625445258097	-2.40380939646508	3.37843484172318	1.93096900349834	1.46089873775948	4.25621246219577	2.79531372443629	SCAT
ENSG00000196233.13	0.687639213239004	10.8039353002407	0.0442725214150627	-1.42204918531092	0.204618114147598	-1.62666729945851	5.31064576178395	7.10343788168815	5.70056074375157	1.7927921199042	META
ENSG00000211941.3	0.403674612498268	10.7802152531475	0.0445702028781167	1.43640067761022	5.07315917559521	-3.63675849798499	1.85426648838853	1.40366015025018	0	1.85426648838853	EPI
ENSG00000122122.10	0.677711070195303	10.7744977936514	0.0445702028781167	-1.17383253351823	2.62198857126488	-3.79582110478311	3.74544315591242	4.99388373286101	2.15855614935235	2.83532758350867	META
ENSG00000237887.1	-0.341392415120191	10.7628723962049	0.0445702028781167	-1.20100163592512	-3.98766159543068	2.78665995950556	0.163617321153714	0.744513756314081	2.0537617664278	1.89014444527408	SCAT
ENSG00000125148.7	-0.537354870265517	10.7623826136524	0.0445702028781167	2.03782599769381	0.685890088342956	1.35193590935085	7.99653675824061	6.32936858889621	7.97093284520594	1.66716816934439	EPI
ENSG00000150625.16	0.392318610901171	10.7519058240343	0.0445702028781167	1.57331540508467	4.99974233681002	-3.42642693172535	1.87193459192426	1.14687119796657	0	1.87193459192426	EPI
ENSG00000134533.6	-0.667085539858967	10.7485794638926	0.0445702028781167	3.16474460122343	-1.24318560514842	4.40793020637185	2.67648829651006	1.14191176551579	3.83014525088695	2.68823348537116	SCAT
ENSG00000123689.6	-0.680063794054678	10.7452138757496	0.0445702028781167	1.30258770596068	-2.11880779463813	3.42139550059881	8.67104176367446	7.85676758868682	11.2369022673476	3.38013467866078	SCAT
ENSG00000018408.14	-0.230487261664026	10.7309961738807	0.0445702028781167	1.67439563812713	1.14240865383075	0.531986984296381	6.85145791934676	5.53623816946404	6.36046787927926	1.31521974988272	EPI
ENSG00000237813.4	-0.529351279242161	10.7273069310843	0.0445702028781167	1.29153939092803	-3.21316514726866	4.50470453819669	0.386854119281566	0.167273813026435	2.15502338914764	1.9877495761212	SCAT
ENSG00000233967.7	-0.671011280167988	10.72685439899	0.0445702028781167	1.46693604183808	-2.74216120736237	4.20909724920045	1.02671126788148	0.458626205080126	2.66754356364566	2.20891735856553	SCAT
ENSG00000213144.2	-0.366168438880544	10.7189302348943	0.0445702028781167	-1.17744125500874	-3.89930431853472	2.72186306352597	0.682327805523874	1.36941604582187	3.32872730449504	2.64639949897116	SCAT
ENSG00000206052.11	0.374949382536546	10.7180269454607	0.0445702028781167	2.39108083003101	5.02362966012364	-2.63254883009262	2.49183389342467	1.42836621536358	0.282980379499525	2.20885351392515	EPI
ENSG00000142632.17	0.482188116911376	10.7160065581461	0.0445702028781167	1.74682126766616	4.90820503025174	-3.16138376258558	2.79529995037004	1.89950596836343	0.45051247342603	2.34478747694401	EPI
ENSG00000164142.16	0.452635203627963	10.7107804306564	0.0445702028781167	1.54944433327085	4.15620637705338	-2.60676204378253	2.54631218815634	1.8122575401063	0.468378173710998	2.07793401444534	EPI
ENSG00000164879.7	-0.550517903307428	10.7047845166255	0.0445811868001597	0.969322047001751	-2.23885380593797	3.20817585293972	2.89757132869509	2.5139756128435	5.34585107820215	2.83187546535865	SCAT
ENSG00000130508.11	-0.574514750909555	10.681002411132	0.0449325033006212	0.960473305617537	-1.65473652506366	2.6152098306812	6.16631377347587	5.48709503891553	8.50457732830388	3.01748228938835	SCAT
ENSG00000178662.16	0.464916013094862	10.67248789062	0.044974668585149	1.31415462855772	3.79112286054431	-2.47696823198659	3.86367138556528	2.97838679453175	1.60510218584489	2.2585691997204	EPI
ENSG00000052126.14	-0.400733270787333	10.6587222363194	0.044974668585149	2.14256758978171	1.36343382318938	0.779133766592329	6.70464763295044	4.9664768614992	5.97071820459917	1.73817077145124	EPI
ENSG00000171094.18	-0.469975122557748	10.6558632187362	0.044974668585149	1.11268147802323	-3.11869789363339	4.23137937165662	0.428224894988453	0.201689475904797	2.12098832114967	1.91929884524487	SCAT
ENSG00000186818.12	0.603928688145568	10.6533539975087	0.044974668585149	0.547527711457506	4.19907793742718	-3.65155022596968	3.00622566881265	2.69214073143608	0.941318602295394	2.06490706651726	EPI
ENSG00000286771.1	0.483174702312994	10.6520241713651	0.044974668585149	-4.64633944248142	-2.74867991274343	-1.89765952973799	0.148479631123896	2.37071127768628	1.20165421202752	2.22223164656239	META
ENSG00000083720.13	-0.621191301501777	10.6343019511199	0.0452063340215659	-0.0588989576806216	-1.78220258654018	1.72330362885956	4.4738486765273	4.61800593762651	6.79020559251338	2.31635691598608	SCAT
ENSG00000160117.16	0.608883033069967	10.6294131126574	0.0452063340215659	-3.41084544471292	0.983708263472343	-4.39455370818526	1.75457580516696	4.7022599972268	1.49246582743653	3.20979416979027	META
ENSG00000006283.18	0.568885141663059	10.6094038380458	0.0454926632367339	0.0800860541490579	4.57095399662008	-4.49086794247102	1.60460639229872	1.60624113759606	0	1.60624113759606	META
ENSG00000226827.1	-0.461664495692151	10.5993612786186	0.0454938618895408	-0.74857117078955	-3.86395236466083	3.11538119387128	0.0541714141551114	0.195064864985209	1.53668670775013	1.48251529359502	SCAT
ENSG00000092607.15	-0.699361587972757	10.598821091067	0.0454938618895408	1.68313972354105	-0.75561009556613	2.43874981910718	5.9483305653698	4.3911339455123	7.36081264251212	2.96967869699982	SCAT
ENSG00000181656.7	0.529233339648793	10.5843978163683	0.045619126102298	2.20347513463042	5.56772936026231	-3.36425422563189	3.90754731639926	2.50677121897993	0.754299528336919	3.15324778806234	EPI
ENSG00000154310.17	0.664609673623851	10.58195152985	0.045619126102298	0.226493999976838	2.59816179809446	-2.37166779811762	5.07492431618835	5.29813475773909	3.26503057817708	2.03310417956201	META
ENSG00000142949.17	-0.562914103490191	10.563675115787	0.0458760418119586	0.748984240899096	-1.66423779605703	2.41322203695613	6.44234828771317	6.02116998528332	8.75427048811866	2.73310050283534	SCAT
ENSG00000108405.4	0.569350073336452	10.5550095268498	0.0459277152936279	-2.34625625946133	3.14947887876288	-5.49573513822421	1.58216012090594	3.79854384729012	0.86180504669969	2.93673880059043	META
ENSG00000011243.18	0.664935669025277	10.5368680509279	0.0459277152936279	-1.67776557039191	0.250077099590963	-1.92784266998288	4.36741416540877	6.34339932626434	4.66898636453322	1.97598516085557	META
ENSG00000166503.9	0.613757104374049	10.5359008442749	0.0459277152936279	0.728717602308023	2.63041820999475	-1.90170060768673	5.02089223076378	4.65257650601036	3.17520334268813	1.84568888807566	EPI
ENSG00000109113.20	0.627408732919058	10.5358596897211	0.0459277152936279	0.929395958440004	2.5916318479085	-1.66223588946849	4.35919578212256	3.85588424440142	2.5491887879083	1.81000699421426	EPI
ENSG00000151726.14	-0.474379162172211	10.5352124150918	0.0459277152936279	-0.0122447896308802	-2.04479175840788	2.032546968777	7.16046134405592	7.64625966014613	9.86197415400436	2.70151280994843	SCAT
ENSG00000095637.22	-0.624941248188812	10.5103830587891	0.0463193530766438	0.903966662336003	-2.91036107713276	3.81432773946876	6.99700782919478	6.33358381130188	10.6845145787373	4.35093076743539	SCAT
ENSG00000160862.13	-0.673977121950069	10.4857263063185	0.0467117481982984	2.6887508127767	-2.9039358170532	5.5926866298299	2.27647656399546	1.25066252644175	5.288201606803	4.03753908036125	SCAT
ENSG00000111145.8	0.556816223297878	10.4747237282822	0.0467877711684625	0.738333574402229	2.01389435077224	-1.27556077637002	5.58624857436746	5.3058363997194	4.15882797486068	1.42742059950677	EPI
ENSG00000158258.16	-0.536572850527234	10.4631691127993	0.0467877711684625	0.388126764842037	-2.31796712816433	2.70609389300637	4.93213994766097	4.70754520049883	7.82943314893758	3.12188794843875	SCAT
ENSG00000113742.14	0.640058574445321	10.4605991830575	0.0467877711684625	-1.47255972934585	0.179230564231145	-1.65179029357699	6.19819851252035	8.0475870090555	6.64684413594092	1.84938849653515	META
ENSG00000188958.9	-0.445093033580745	10.4580375068475	0.0467877711684625	0.0388006005015109	-4.31553737453039	4.35433797503191	0.181699655890538	0.350011307497589	2.38913852366267	2.20743886777213	SCAT
ENSG00000097033.14	-0.568565228655155	10.4566206771997	0.0467877711684625	0.69428004860707	-1.08449235881785	1.77877240742492	6.05277411898725	5.73734612571534	7.78369729139222	2.04635116567688	SCAT
ENSG00000170961.7	0.142742856977965	10.4401330991512	0.0470203358140793	4.41995475991648	3.47437908816901	0.945575671747471	3.40615728858994	1.23833695115705	1.18961084326706	2.21654644532287	EPI
ENSG00000160469.17	0.653328614842472	10.4071679964458	0.0475933312130642	0.393571968923762	4.62550236954197	-4.23193040061821	1.79477705529089	1.92299145257438	0.0707241522720116	1.85226730030236	META
ENSG00000105246.6	0.595919108085763	10.3885444323561	0.0478122375919992	-0.101715761046328	3.46810699294637	-3.56982275399269	1.72010792481192	2.04040634366395	0.297647929078237	1.74275841458572	META
ENSG00000166426.8	-0.0536554938413726	10.3826408363726	0.0478122375919992	4.24960426757643	3.70612722002548	0.543477047550943	1.77442231578566	0.121484839112728	0.263034965040016	1.65293747667293	EPI
ENSG00000075618.18	0.638750909574706	10.3767346369923	0.0478122375919992	0.0645151000792367	2.52105644868143	-2.4565413486022	6.02340362533202	6.41178300604252	3.87324492144545	2.53853808459707	META
ENSG00000154856.13	-0.662826553040605	10.3763340566784	0.0478122375919992	1.69316739400071	-2.25088664651031	3.94405404051102	3.88601932684545	2.38031853568849	6.54811980130954	4.16780126562106	SCAT
ENSG00000123908.12	0.662797864165012	10.3669656054339	0.0478122375919992	-1.37830565249809	0.0308070913346394	-1.40911274383273	5.91219524093276	7.68771075240875	6.51836800870827	1.775515511476	META
ENSG00000259675.2	-0.477919173503741	10.3641816140853	0.0478122375919992	1.23000068506638	-2.84373688081204	4.07373756587842	0.326593308572052	0	1.54736050904472	1.54736050904472	SCAT
ENSG00000127884.5	-0.661344890318162	10.3614311369712	0.0478122375919992	0.291300141253208	-1.64940916922434	1.94070931047754	4.84520333359828	4.77934991773583	7.09521411790559	2.31586420016976	SCAT
ENSG00000164010.15	0.671375187608643	10.3569855221493	0.0478122375919992	-2.37423686913163	-0.194898123679907	-2.17933874545172	3.1380950283694	5.59947108028974	3.79549983148676	2.46137605192034	META
ENSG00000150764.14	-0.656865331638531	10.3516432321619	0.0478214990151914	1.12925677978568	-1.42359128790951	2.55284806769519	4.50652067795631	3.44398581459945	6.43466423477588	2.99067842017643	SCAT
ENSG00000204381.11	0.185210978558733	10.3371762634633	0.0479462256385195	3.26249783375765	4.32750188483331	-1.06500405107566	2.48119586808249	0.919731044415111	0.421553976666974	2.05964189141551	EPI
ENSG00000106948.16	0.688427947886609	10.3359007889389	0.0479462256385195	-1.32561253121396	0.349542760774606	-1.67515529198857	5.81665680814184	7.56236640108576	6.06675763640405	1.74570959294392	META
ENSG00000182578.13	0.530387687234297	10.3247045741858	0.0480787276822966	0.401350115292388	1.92068264269006	-1.51933252739767	6.27958713810122	6.4137071252598	4.98910264742739	1.42460447783241	META
ENSG00000136205.17	0.66216954224462	10.318250001269	0.0481124187250244	0.350813062726878	1.82976396856837	-1.47895090584149	8.67742887204995	8.66062536438571	7.48815862025072	1.18927025179923	EPI
ENSG00000164330.17	-0.6051016292319	10.3097683655944	0.0481889643170085	1.07322016307244	-0.865259611351649	1.93847977442409	6.9081851458245	6.23053403645481	8.48230143576659	2.25176739931178	SCAT
ENSG00000231789.2	0.639674318090105	10.296584082062	0.0483482370843642	0.761147779243192	3.883339538238	-3.12219175899481	1.25988214372263	1.04548561635079	0	1.25988214372263	EPI
ENSG00000130755.13	0.578677220490379	10.2890767524437	0.0483482370843642	0.204040085019745	4.04485093750118	-3.84081085248144	4.74258388407826	4.7109427586449	2.12473521345359	2.61784867062467	EPI
ENSG00000088882.8	0.468422799341039	10.2877735732126	0.0483482370843642	0.89378881965592	5.03416361470304	-4.14037479504712	4.7018769446416	4.06687713680347	1.59218133903014	3.10969560561147	EPI
ENSG00000172270.19	0.697192554614853	10.2782436548088	0.0484484862369816	-1.48728955300879	0.177126629787403	-1.66441618279619	6.72613103813355	8.53201343351188	7.22590341076395	1.80588239537833	META
ENSG00000231035.1	-0.440496960105307	10.2712227515582	0.0484660885260618	0.0898935847636833	-3.60489656986714	3.69479015463083	0.333588238469397	0.400124795793426	2.04302891736298	1.70944067889358	SCAT
ENSG00000183153.7	0.4083770555838	10.264686536223	0.0484660885260618	2.23747171756836	4.43518532518152	-2.19771360761316	2.16570019888492	1.25648611408442	0.24339204135158	1.92230815753334	EPI
ENSG00000168389.17	0.552245913185644	10.263123142184	0.0484660885260618	-0.329593710674612	3.2248966545805	-3.55449036525511	3.02017320165971	3.34688108734172	1.21746984063333	2.12941124670839	META
ENSG00000128383.13	0.689991658643537	10.2334513499262	0.0487764737112921	-1.91009321260098	3.1143427040689	-5.02443591666988	1.08957773661857	2.37923050478576	0	2.37923050478576	META
ENSG00000026025.16	-0.654737680648304	10.2317024294683	0.0487764737112921	0.902470643756743	-0.605240062814846	1.50771070657159	9.0211417793972	8.49024456459578	10.2505980880936	1.76035352349784	SCAT
ENSG00000049089.15	0.669030913291507	10.2269650269567	0.0487764737112921	-1.07360810874905	3.43989548515882	-4.51350359390787	1.75640320195963	2.57055840553418	0.347819134617726	2.22273927091645	META
ENSG00000247982.6	0.582579868195798	10.223069879866	0.0487764737112921	-2.67395813717729	-0.0696019537922803	-2.60435618338501	2.10542803045325	4.55521832007269	2.45384767419897	2.44979028961944	META
ENSG00000273151.1	0.437335437098666	10.2205337408837	0.0487764737112921	-3.6814830625251	-2.60968119876809	-1.07180186375701	0.779606771856142	2.81201647677386	1.98673132387808	2.03240970491772	META
ENSG00000152253.9	0.629109228762502	10.2191272463866	0.0487764737112921	1.57144135993982	4.50376717883655	-2.93232581889673	1.67320470939308	1.17128686453383	0	1.67320470939308	EPI
ENSG00000106538.10	-0.698959832574677	10.215596358003	0.0487764737112921	0.925585533578639	-1.4752121826681	2.40079771624674	6.09655689666747	5.47822127866403	8.27013462462208	2.79191334595805	SCAT
ENSG00000152932.8	0.571045193242824	10.2056723915825	0.0488227513638165	1.36911899336896	4.29497219055593	-2.92585319718696	2.06185925843953	1.43459230746887	0.309731318141431	1.7521279402981	EPI
ENSG00000102837.7	0.68403617100446	10.2041229840307	0.0488227513638165	-1.58810766471007	4.15125211890004	-5.73935978361011	3.03982773589353	4.75020044231438	1.09000262907183	3.66019781324255	META
ENSG00000143479.17	0.681058494270682	10.1840790159432	0.0491539292028826	-2.03627272085985	0.540128236444075	-2.57640095730392	3.4334236755493	5.59803649038956	3.39406237350662	2.20397411688295	META
ENSG00000138944.8	0.0456752958164356	10.1568287976794	0.0496265303730443	4.07859884622546	4.97837598679545	-0.899777140569991	5.12623377795527	2.13335631568579	1.6237181402687	3.50251563768657	EPI
ENSG00000122861.16	0.676991626594355	10.1530695238044	0.0496265303730443	0.413967359368194	3.47256226795098	-3.05859490858279	3.82356290054493	4.01325116879371	1.775634008821	2.23761715997271	META
