ensg,symbol,name,pct_loc_M1,pct_loc_M3,pct_loc_M2,pct_Hemato,pct_Bone
ENSG00000105880.7,DLX5,distal-less homeobox 5,0.9509,0.5143,0.0000,0.0034,0.4385
ENSG00000026751.17,SLAMF7,SLAM family member 7,0.9251,0.5420,0.2050,0.2796,0.0959
ENSG00000131668.14,BARX1,BARX homeobox 1,0.9454,0.5860,0.0000,0.0482,0.3102
ENSG00000021645.18,NRXN3,neurexin 3,0.8734,0.5431,0.0000,0.0083,0.3636
ENSG00000211637.2,IGLV4-69,immunoglobulin lambda variable 4-69,0.8071,0.5138,0.0000,0.2423,0.1295
ENSG00000161944.16,ASGR2,asialoglycoprotein receptor 2,0.9014,0.6126,0.0000,0.2508,0.0277
ENSG00000211899.10,IGHM,immunoglobulin heavy constant mu,0.8309,0.5703,0.0000,0.3105,0.0998
ENSG00000211938.2,IGHV3-7,immunoglobulin heavy variable 3-7,0.8978,0.6457,0.0000,0.2333,0.0329
ENSG00000211898.7,IGHD,immunoglobulin heavy constant delta,0.8247,0.5838,0.0000,0.1854,0.0846
ENSG00000188599.17,NPIPP1,nuclear pore complex interacting protein pseudogene 1,0.7521,0.5377,0.0000,0.1126,0.1813
ENSG00000211659.2,IGLV3-25,immunoglobulin lambda variable 3-25,0.8740,0.6692,0.0000,0.1435,0.0450
ENSG00000211890.4,IGHA2,immunoglobulin heavy constant alpha 2 (A2m marker),0.8815,0.6844,0.0000,0.1394,0.0158
ENSG00000107815.10,TWNK,twinkle mtDNA helicase,0.7997,0.6107,0.0000,0.1252,0.2077
ENSG00000286746.1,,,0.9507,0.7737,0.0000,0.0186,0.1205
ENSG00000115884.11,SDC1,syndecan 1,0.8825,0.7202,0.1214,0.1013,0.0031
ENSG00000175164.15,ABO,"ABO, alpha 1-3-N-acetylgalactosaminyltransferase and alpha 1-3-galactosyltransferase",0.6819,0.5389,0.0000,0.1764,0.1253
ENSG00000244968.7,LIFR-AS1,LIFR antisense RNA 1,0.7922,0.6657,0.0000,0.0605,0.1561
ENSG00000269867.1,,,0.6844,0.5612,0.0054,0.1812,0.0491
ENSG00000161929.15,SCIMP,SLP adaptor and CSK interacting membrane protein,0.7100,0.5903,0.0000,0.0942,0.2932
ENSG00000238005.4,LNCATV,lncRNA negative regulator of antiviral signaling,0.6930,0.5755,0.0366,0.0039,0.2204
ENSG00000112837.17,TBX18,T-box transcription factor 18,0.8112,0.7003,0.0000,0.0000,0.2899
ENSG00000228035.1,NGF-AS1,NGF antisense RNA 1,0.9608,0.8561,0.0000,0.0195,0.0655
ENSG00000211956.2,IGHV4-34,immunoglobulin heavy variable 4-34,0.8460,0.7514,0.0000,0.0647,0.0892
ENSG00000211935.3,IGHV1-3,immunoglobulin heavy variable 1-3,0.8416,0.7487,0.0000,0.0072,0.2298
ENSG00000211660.3,IGLV2-23,immunoglobulin lambda variable 2-23,0.8258,0.7361,0.0000,0.0001,0.2574
ENSG00000171016.12,PYGO1,pygopus family PHD finger 1,0.7796,0.6954,0.0079,0.0044,0.2621
ENSG00000104267.10,CA2,carbonic anhydrase 2,0.7051,0.6246,0.0129,0.0815,0.2454
ENSG00000211893.4,IGHG2,immunoglobulin heavy constant gamma 2 (G2m marker),0.9589,0.8812,0.0000,0.0161,0.0409
ENSG00000211666.2,IGLV2-14,immunoglobulin lambda variable 2-14,0.8558,0.7809,0.0000,0.0505,0.1259
ENSG00000196569.12,LAMA2,laminin subunit alpha 2,0.8278,0.7599,0.1679,0.0177,0.2114
ENSG00000131831.18,RAI2,retinoic acid induced 2,0.7062,0.6399,0.1841,0.0173,0.3227
ENSG00000232079.7,LINC01697,long independently transcribed non-coding RNA 1697,0.9533,0.8886,0.0000,0.0050,0.1036
ENSG00000277737.3,,,0.7781,0.7155,0.0789,0.1057,0.0604
ENSG00000243466.1,IGKV1-5,immunoglobulin kappa variable 1-5,0.8793,0.8172,0.0000,0.0519,0.0721
ENSG00000245937.8,SLC12A2-DT,SLC12A2 divergent transcript,0.7458,0.6840,0.0000,0.0461,0.2574
ENSG00000188897.9,APOLTP,apolipoprotein lipid transfer particle homolog,0.5866,0.5269,0.0000,0.0034,0.2957
ENSG00000151388.11,ADAMTS12,ADAM metallopeptidase with thrombospondin type 1 motif 12,0.7885,0.7296,0.1153,0.0002,0.2626
ENSG00000143196.5,DPT,dermatopontin,0.8283,0.7714,0.0000,0.0222,0.1625
ENSG00000176595.4,KBTBD11,kelch repeat and BTB domain containing 11,0.6395,0.5850,0.1490,0.0599,0.3051
ENSG00000182667.14,NTM,neurotrimin,0.8451,0.7917,0.0000,0.0001,0.1874
ENSG00000211669.3,IGLV3-10,immunoglobulin lambda variable 3-10,0.7339,0.6829,0.0000,0.0067,0.2960
ENSG00000169218.14,RSPO1,R-spondin 1,0.9734,0.9235,0.3783,0.0017,0.0695
ENSG00000236304.1,LRRC32-AS1,LRRC32 antisense RNA 1,0.7725,0.7237,0.0000,0.1264,0.1200
ENSG00000163520.14,FBLN2,fibulin 2,0.7780,0.7310,0.0000,0.0237,0.2259
ENSG00000138615.6,CILP,cartilage intermediate layer protein,0.9013,0.8543,0.0000,0.0455,0.0401
ENSG00000126016.15,AMOT,angiomotin,0.6121,0.5655,0.0000,0.0013,0.3920
ENSG00000139910.20,NOVA1,NOVA alternative splicing regulator 1,0.9866,0.9429,0.0488,0.0206,0.0174
ENSG00000177363.5,LRRN4CL,LRRN4 C-terminal like,0.8841,0.8404,0.0000,0.0445,0.0852
ENSG00000172260.15,NEGR1,neuronal growth regulator 1,0.7561,0.7126,0.0000,0.0027,0.2463
ENSG00000064205.10,CCN5,cellular communication network factor 5,0.7922,0.7503,0.1878,0.0034,0.2226
ENSG00000154274.15,PGCKA1,PDCD10 and GCKIII kinases associated 1,0.7413,0.7001,0.0000,0.1447,0.1057
ENSG00000235397.1,EPN2-AS1,EPN2 antisense RNA 1,0.7078,0.6668,0.0965,0.0026,0.0022
ENSG00000152527.14,PLEKHH2,"pleckstrin homology, MyTH4 and FERM domain containing H2",0.7106,0.6713,0.1799,0.0024,0.2926
ENSG00000169855.20,ROBO1,roundabout guidance receptor 1,0.7010,0.6631,0.0000,0.0054,0.3141
ENSG00000166685.12,COG1,component of oligomeric golgi complex 1,0.7638,0.7263,0.0000,0.0746,0.1891
ENSG00000211967.3,IGHV3-53,immunoglobulin heavy variable 3-53,0.7954,0.7580,0.0000,0.0037,0.2156
ENSG00000115286.20,NDUFS7,NADH:ubiquinone oxidoreductase core subunit S7,0.7475,0.7103,0.3118,0.0114,0.2545
ENSG00000114790.13,ARHGEF26,Rho guanine nucleotide exchange factor 26,0.7304,0.6942,0.1104,0.0015,0.2938
ENSG00000175857.8,GAPT,"GRB2 binding adaptor protein, transmembrane",0.5975,0.5618,0.0000,0.0960,0.3240
ENSG00000064309.14,CDON,"cell adhesion associated, oncogene regulated",0.7298,0.6961,0.0880,0.0000,0.2846
ENSG00000133256.12,PDE6B,phosphodiesterase 6B,0.5712,0.5427,0.0000,0.0364,0.3823
ENSG00000184347.14,SLIT3,slit guidance ligand 3,0.6313,0.6037,0.0428,0.0003,0.3660
ENSG00000101049.17,SGK2,serum/glucocorticoid regulated kinase 2,0.8012,0.7739,0.3096,0.0000,0.2042
ENSG00000116194.13,ANGPTL1,angiopoietin like 1,0.8444,0.8181,0.0000,0.0134,0.1356
ENSG00000231365.6,WARS2-AS1,WARS2 antisense RNA 1,0.8422,0.8164,0.0000,0.0001,0.1488
ENSG00000079102.16,RUNX1T1,RUNX1 partner transcriptional co-repressor 1,0.6735,0.6488,0.0000,0.0002,0.3042
ENSG00000211968.3,IGHV1-58,immunoglobulin heavy variable 1-58,0.6235,0.5997,0.0000,0.0313,0.3606
ENSG00000089225.19,TBX5,T-box transcription factor 5,0.9922,0.9703,0.0731,0.0115,0.0102
ENSG00000117877.10,POLR1G,RNA polymerase I subunit G,0.5725,0.5509,0.0000,0.0025,0.0497
ENSG00000270550.1,IGHV3-30,immunoglobulin heavy variable 3-30,0.8144,0.7943,0.0000,0.0099,0.1410
ENSG00000196653.12,ZNF502,zinc finger protein 502,0.7565,0.7370,0.4146,0.0004,0.1830
ENSG00000156103.16,MMP16,matrix metallopeptidase 16,0.9351,0.9158,0.0000,0.0159,0.0108
ENSG00000211937.3,IGHV2-5,immunoglobulin heavy variable 2-5,0.8797,0.8612,0.0000,0.0264,0.0709
ENSG00000273151.1,GET4-AS1,GET4 antisense RNA 1,0.5336,0.5154,0.0000,0.3112,0.1392
ENSG00000117122.14,MFAP2,microfibril associated protein 2,0.5683,0.5505,0.0000,0.0786,0.3345
ENSG00000170624.13,SGCD,sarcoglycan delta,0.6740,0.6565,0.0000,0.0001,0.3298
ENSG00000211966.2,IGHV5-51,immunoglobulin heavy variable 5-51,0.8343,0.8175,0.0000,0.0143,0.1088
ENSG00000211673.2,IGLV3-1,immunoglobulin lambda variable 3-1,0.8602,0.8439,0.0000,0.0034,0.0966
ENSG00000278196.3,IGLV2-8,immunoglobulin lambda variable 2-8,0.7022,0.6879,0.0000,0.0037,0.2752
ENSG00000100528.12,CNIH1,cornichon family member 1,0.7131,0.7010,0.0000,0.0031,0.2335
ENSG00000156463.18,SH3RF2,SH3 domain containing ring finger 2,0.7583,0.7476,0.0167,0.0302,0.1995
ENSG00000168779.19,SHOX2,SHOX homeobox 2,0.5944,0.5848,0.0000,0.0023,0.3570
ENSG00000147257.14,GPC3,glypican 3,0.7517,0.7427,0.1136,0.0018,0.2182
ENSG00000229240.9,LINC00710,long intergenic non-protein coding RNA 710,0.8060,0.7975,0.0915,0.0037,0.1612
ENSG00000141542.11,RAB40B,"RAB40B, member RAS oncogene family",0.7340,0.7260,0.0000,0.0000,0.2234
ENSG00000204291.11,COL15A1,collagen type XV alpha 1 chain,0.6538,0.6462,0.0000,0.0022,0.3279
ENSG00000197614.11,MFAP5,microfibril associated protein 5,0.9280,0.9205,0.0058,0.0307,0.0154
ENSG00000135111.16,TBX3,T-box transcription factor 3,0.7051,0.6988,0.0000,0.0002,0.2777
ENSG00000003137.8,CYP26B1,cytochrome P450 family 26 subfamily B member 1,0.5804,0.5758,0.0000,0.0760,0.3157
ENSG00000119929.13,CUTC,cutC copper transporter,0.6824,0.6787,0.0278,0.0260,0.2697
ENSG00000286522.1,H3C2,H3 clustered histone 2,0.5764,0.5729,0.0000,0.1396,0.2449
ENSG00000131477.11,RAMP2,receptor activity modifying protein 2,0.5662,0.5628,0.0266,0.0274,0.3241
ENSG00000287373.1,,,0.9726,0.9712,0.0000,0.0001,0.0067
ENSG00000048342.16,CC2D2A,coiled-coil and C2 domain containing 2A,0.6771,0.6760,0.0000,0.0001,0.2947
ENSG00000182463.16,TSHZ2,teashirt zinc finger homeobox 2,0.6816,0.6811,0.0000,0.0042,0.2655
ENSG00000241351.3,IGKV3-11,immunoglobulin kappa variable 3-11,0.7037,0.7037,0.0000,0.0116,0.2399
ENSG00000197632.9,SERPINB2,serpin family B member 2,0.6141,0.6143,0.0000,0.0029,0.0567
ENSG00000149474.13,KAT14,lysine acetyltransferase 14,0.7851,0.7874,0.0000,0.0349,0.1383
ENSG00000286322.1,LOC105376020,uncharacterized LOC105376020,0.7186,0.7212,0.2600,0.0281,0.2004
ENSG00000133027.18,PEMT,phosphatidylethanolamine N-methyltransferase,0.5930,0.5960,0.0000,0.0304,0.3387
ENSG00000073605.18,GSDMB,gasdermin B,0.7389,0.7421,0.0000,0.1174,0.1067
ENSG00000072657.9,TRHDE,thyrotropin releasing hormone degrading enzyme,0.6682,0.6721,0.3823,0.0292,0.2652
ENSG00000211640.4,IGLV6-57,immunoglobulin lambda variable 6-57,0.7652,0.7705,0.0000,0.0093,0.1685
ENSG00000086570.12,FAT2,FAT atypical cadherin 2,0.7480,0.7563,0.0065,0.0061,0.2106
ENSG00000280347.1,,,0.7222,0.7327,0.0000,0.0587,0.1795
ENSG00000267385.1,,,0.7278,0.7477,0.0000,0.0433,0.1512
ENSG00000278983.1,,,0.6953,0.7168,0.2409,0.0198,0.2453
ENSG00000108799.13,EZH1,enhancer of zeste 1 polycomb repressive complex 2 subunit,0.8666,0.8883,0.0422,0.0018,0.0381
ENSG00000126458.4,RRAS,RAS related,0.6476,0.6696,0.0000,0.0004,0.3125
ENSG00000250565.7,ATP6V1E2,ATPase H+ transporting V1 subunit E2,0.6697,0.6924,0.0821,0.0169,0.2231
ENSG00000005243.10,COPZ2,coat protein complex I subunit zeta 2,0.5210,0.5444,0.0000,0.0050,0.4234
ENSG00000203392.3,,,0.7464,0.7700,0.1432,0.0008,0.1731
ENSG00000070610.14,GBA2,glucosylceramidase beta 2,0.6020,0.6261,0.2359,0.2255,0.0940
ENSG00000211653.2,IGLV1-40,immunoglobulin lambda variable 1-40,0.8464,0.8706,0.0000,0.0039,0.0107
ENSG00000058668.14,ATP2B4,ATPase plasma membrane Ca2+ transporting 4,0.6960,0.7203,0.0000,0.0043,0.2571
ENSG00000266378.1,,,0.6099,0.6355,0.0112,0.0404,0.2916
ENSG00000275126.1,H4C13,H4 clustered histone 13,0.6169,0.6451,0.0000,0.0209,0.3121
ENSG00000070018.9,LRP6,LDL receptor related protein 6,0.5818,0.6111,0.1441,0.0001,0.3726
ENSG00000004866.20,ST7,suppression of tumorigenicity 7,0.7668,0.7988,0.0000,0.1318,0.0059
ENSG00000072958.8,AP1M1,adaptor related protein complex 1 subunit mu 1,0.7853,0.8178,0.1926,0.0132,0.1127
ENSG00000107021.16,TBC1D13,TBC1 domain family member 13,0.6870,0.7196,0.0070,0.0158,0.2122
ENSG00000143420.18,ENSA,endosulfine alpha,0.6596,0.6934,0.0000,0.1022,0.1909
ENSG00000161558.11,TMEM143,transmembrane protein 143,0.7421,0.7760,0.1321,0.0009,0.1857
ENSG00000182566.13,CLEC4G,C-type lectin domain family 4 member G,0.5707,0.6048,0.0000,0.0471,0.3100
ENSG00000123159.16,GIPC1,GIPC PDZ domain containing family member 1,0.6174,0.6517,0.0115,0.0040,0.3281
ENSG00000255176.1,,,0.6831,0.7187,0.0000,0.0218,0.2169
ENSG00000204991.11,SPIRE2,spire type actin nucleation factor 2,0.6047,0.6404,0.0000,0.0096,0.1574
ENSG00000159884.12,CCDC107,coiled-coil domain containing 107,0.6655,0.7015,0.0000,0.0834,0.2026
ENSG00000164659.15,ELAPOR2,endosome-lysosome associated apoptosis and autophagy regulator family member 2,0.6313,0.6681,0.3277,0.0067,0.3028
ENSG00000197776.8,KLHDC1,kelch domain containing 1,0.6255,0.6633,0.0000,0.0005,0.2845
ENSG00000088179.9,PTPN4,protein tyrosine phosphatase non-receptor type 4,0.6423,0.6804,0.0000,0.0223,0.2850
ENSG00000274021.1,,,0.6282,0.6674,0.2657,0.0349,0.2642
ENSG00000211892.4,IGHG4,immunoglobulin heavy constant gamma 4 (G4m marker),0.7251,0.7660,0.0000,0.0809,0.0343
ENSG00000113580.15,NR3C1,nuclear receptor subfamily 3 group C member 1,0.7146,0.7556,0.0000,0.0298,0.1788
ENSG00000267508.5,ZNF285,zinc finger protein 285,0.7715,0.8125,0.0000,0.0449,0.0243
ENSG00000102547.19,CAB39L,calcium binding protein 39 like,0.8028,0.8445,0.0793,0.0752,0.0011
ENSG00000166135.14,HIF1AN,hypoxia inducible factor 1 subunit alpha inhibitor,0.5290,0.5718,0.0000,0.3827,0.0060
ENSG00000178772.7,CPN2,carboxypeptidase N subunit 2,0.5692,0.6126,0.0087,0.1081,0.1223
ENSG00000211679.2,IGLC3,immunoglobulin lambda constant 3 (Kern-Oz+ marker),0.8076,0.8524,0.0000,0.0203,0.0137
ENSG00000099260.11,PALMD,palmdelphin,0.5846,0.6296,0.0000,0.0023,0.3397
ENSG00000135114.12,OASL,2'-5'-oligoadenylate synthetase like,0.6040,0.6493,0.0000,0.0484,0.1700
ENSG00000179715.13,PCED1B,PC-esterase domain containing 1B,0.6316,0.6779,0.0000,0.0033,0.2685
ENSG00000114126.17,TFDP2,transcription factor Dp-2,0.6794,0.7267,0.0000,0.1848,0.0482
ENSG00000100934.15,SEC23A,"SEC23 homolog A, COPII component",0.5848,0.6332,0.0000,0.0000,0.3313
ENSG00000099204.20,ABLIM1,actin binding LIM protein 1,0.6205,0.6689,0.0804,0.0076,0.2679
ENSG00000117868.17,ESYT2,extended synaptotagmin 2,0.6942,0.7461,0.0000,0.0195,0.1998
ENSG00000177707.11,NECTIN3,nectin cell adhesion molecule 3,0.6258,0.6831,0.0000,0.0082,0.2798
ENSG00000177469.13,CAVIN1,caveolae associated protein 1,0.5652,0.6247,0.0000,0.0205,0.3047
ENSG00000140153.17,WDR20,WD repeat domain 20,0.6949,0.7562,0.0000,0.0438,0.1318
ENSG00000106511.6,MEOX2,mesenchyme homeobox 2,0.5825,0.6445,0.0651,0.0017,0.2980
ENSG00000151532.13,VTI1A,vesicle transport through interaction with t-SNAREs 1A,0.6097,0.6719,0.0000,0.2227,0.0788
ENSG00000139116.18,KIF21A,kinesin family member 21A,0.6733,0.7358,0.0000,0.0231,0.1868
ENSG00000115380.20,EFEMP1,EGF-like fibulin extracellular matrix protein 1,0.5496,0.6132,0.0495,0.0053,0.3434
ENSG00000105974.12,CAV1,caveolin 1,0.5609,0.6249,0.0000,0.0044,0.3431
ENSG00000277224.2,H2BC7,H2B clustered histone 7,0.5154,0.5796,0.0000,0.1202,0.2546
ENSG00000163683.12,SMIM14,small integral membrane protein 14,0.6144,0.6799,0.0000,0.0178,0.2688
ENSG00000133131.15,MORC4,MORC family CW-type zinc finger 4,0.5596,0.6259,0.0000,0.0151,0.3536
ENSG00000174807.4,CD248,CD248 molecule,0.5271,0.5964,0.1004,0.0004,0.3859
ENSG00000159792.10,PSKH1,protein serine kinase H1,0.5736,0.6435,0.0000,0.0850,0.0444
ENSG00000258479.6,LINC00640,long independently transcribed non-coding RNA 640,0.6031,0.6745,0.0000,0.0017,0.2953
ENSG00000287299.1,,,0.5508,0.6224,0.0000,0.0038,0.3485
ENSG00000139970.17,RTN1,reticulon 1,0.5699,0.6419,0.2058,0.0017,0.3313
ENSG00000169439.12,SDC2,syndecan 2,0.5082,0.5808,0.0000,0.0018,0.4041
ENSG00000092607.15,TBX15,T-box transcription factor 15,0.5058,0.5784,0.0000,0.0042,0.4021
ENSG00000121310.17,ECHDC2,enoyl-CoA hydratase domain containing 2,0.5862,0.6600,0.1907,0.0390,0.2418
ENSG00000163884.4,KLF15,KLF transcription factor 15,0.5295,0.6038,0.0662,0.0608,0.3012
ENSG00000147576.17,ADHFE1,alcohol dehydrogenase iron containing 1,0.5850,0.6597,0.2500,0.0385,0.2532
ENSG00000270021.1,,,0.6008,0.6795,0.0000,0.1185,0.1814
ENSG00000221818.9,EBF2,EBF transcription factor 2,0.5863,0.6657,0.0882,0.0000,0.2985
ENSG00000233967.7,,,0.6043,0.6840,0.0000,0.0101,0.2645
ENSG00000114026.21,OGG1,8-oxoguanine DNA glycosylase,0.7052,0.7854,0.0071,0.0054,0.1482
ENSG00000173698.18,ADGRG2,adhesion G protein-coupled receptor G2,0.6449,0.7254,0.0000,0.0407,0.1886
ENSG00000162729.14,IGSF8,immunoglobulin superfamily member 8,0.5198,0.6013,0.0000,0.0152,0.3422
ENSG00000166289.6,PLEKHF1,pleckstrin homology and FYVE domain containing 1,0.6264,0.7082,0.0000,0.0539,0.2073
ENSG00000117335.19,CD46,CD46 molecule,0.7003,0.7832,0.0031,0.0077,0.1324
ENSG00000099864.18,PALM,paralemmin,0.5005,0.5835,0.1299,0.0068,0.3878
ENSG00000116117.18,PARD3B,par-3 family cell polarity regulator beta,0.5131,0.5972,0.2164,0.0042,0.3803
ENSG00000116521.11,SCAMP3,secretory carrier membrane protein 3,0.6046,0.6891,0.0000,0.1086,0.1800
ENSG00000278318.5,ZNF229,zinc finger protein 229,0.5315,0.6167,0.0000,0.0723,0.2996
ENSG00000174332.5,GLIS1,GLIS family zinc finger 1,0.5483,0.6341,0.0000,0.0039,0.3254
ENSG00000175356.13,SCUBE2,"signal peptide, CUB domain and EGF like domain containing 2",0.5874,0.6786,0.2630,0.0856,0.1997
ENSG00000254369.6,HOXA-AS3,HOXA cluster antisense RNA 3,0.5743,0.6690,0.0000,0.0662,0.2531
ENSG00000168917.9,SLC35G2,solute carrier family 35 member G2,0.5739,0.6696,0.0512,0.0026,0.3145
ENSG00000204463.12,BAG6,BAG cochaperone 6,0.5375,0.6342,0.0000,0.2593,0.0693
ENSG00000127955.17,GNAI1,G protein subunit alpha i1,0.5116,0.6089,0.0137,0.0251,0.3299
ENSG00000147202.18,DIAPH2,diaphanous related formin 2,0.6482,0.7466,0.0000,0.0000,0.1986
ENSG00000075223.14,SEMA3C,semaphorin 3C,0.5230,0.6218,0.0000,0.0015,0.3311
ENSG00000213366.13,GSTM2,glutathione S-transferase mu 2,0.5406,0.6395,0.1197,0.0752,0.2560
ENSG00000281990.1,IGHV1-69-2,immunoglobulin heavy variable 1-69-2,0.5640,0.6633,0.0000,0.0711,0.2120
ENSG00000170876.7,TMEM43,transmembrane protein 43,0.5686,0.6684,0.0000,0.0159,0.3021
ENSG00000158769.18,F11R,F11 receptor,0.6038,0.7042,0.0000,0.0620,0.2024
ENSG00000169946.14,ZFPM2,"zinc finger protein, FOG family member 2",0.5281,0.6290,0.2586,0.0139,0.3431
ENSG00000074935.14,TUBE1,tubulin epsilon 1,0.5901,0.6913,0.0000,0.0663,0.2006
ENSG00000167778.9,SPRYD3,SPRY domain containing 3,0.5793,0.6813,0.0000,0.0143,0.2693
ENSG00000103932.12,RPAP1,RNA polymerase II associated protein 1,0.5641,0.6668,0.0000,0.0352,0.2884
ENSG00000144674.16,GOLGA4,golgin A4,0.5831,0.6878,0.0000,0.0434,0.2475
ENSG00000215244.3,LINC02649,long independently transcribed non-coding RNA 2649,0.5689,0.6765,0.0000,0.0687,0.2391
ENSG00000165055.15,METTL2B,"methyltransferase 2B, tRNA N3-cytidine",0.6125,0.7213,0.0000,0.0238,0.2073
ENSG00000130818.12,ZNF426,zinc finger protein 426,0.5356,0.6460,0.0000,0.0037,0.2957
ENSG00000106006.6,HOXA6,homeobox A6,0.5414,0.6527,0.0000,0.0000,0.2974
ENSG00000198130.16,HIBCH,3-hydroxyisobutyryl-CoA hydrolase,0.5214,0.6349,0.0000,0.0006,0.3319
ENSG00000124104.19,SNX21,sorting nexin family member 21,0.5085,0.6222,0.0582,0.0156,0.3314
ENSG00000131069.20,ACSS2,acyl-CoA synthetase short chain family member 2,0.5464,0.6614,0.4267,0.0029,0.3134
ENSG00000226312.7,CFLAR-AS1,CFLAR antisense RNA 1,0.5432,0.6583,0.0000,0.1395,0.1658
ENSG00000182621.18,PLCB1,phospholipase C beta 1,0.5228,0.6409,0.0000,0.0291,0.3189
ENSG00000164111.15,ANXA5,annexin A5,0.5600,0.6785,0.0000,0.0019,0.2629
ENSG00000136367.14,ZFHX2,zinc finger homeobox 2,0.5914,0.7106,0.0000,0.0470,0.2034
ENSG00000090905.19,TNRC6A,trinucleotide repeat containing adaptor 6A,0.5753,0.6959,0.1343,0.0056,0.2690
ENSG00000247572.8,CKMT2-AS1,CKMT2 antisense RNA 1,0.5203,0.6455,0.0000,0.0337,0.3137
ENSG00000171368.12,TPPP,tubulin polymerization promoting protein,0.5660,0.6920,0.0502,0.0179,0.2574
ENSG00000170631.15,ZNF16,zinc finger protein 16,0.5113,0.6378,0.0000,0.0164,0.2334
ENSG00000196458.11,ZNF605,zinc finger protein 605,0.5016,0.6289,0.0000,0.0003,0.3448
ENSG00000273729.1,,,0.5782,0.7059,0.0000,0.0213,0.2051
ENSG00000169245.6,CXCL10,C-X-C motif chemokine ligand 10,0.5808,0.7093,0.0000,0.0564,0.0246
ENSG00000167785.9,ZNF558,zinc finger protein 558,0.5507,0.6800,0.0000,0.0690,0.2173
ENSG00000253456.1,,,0.5104,0.6398,0.0000,0.0744,0.2808
ENSG00000148180.19,GSN,gelsolin,0.5037,0.6376,0.0653,0.0025,0.3100
ENSG00000287431.1,RENO1,regulator of early neurogenesis 1,0.5919,0.7271,0.0000,0.0006,0.2186
ENSG00000122359.18,ANXA11,annexin A11,0.5325,0.6714,0.0723,0.1064,0.1990
ENSG00000128923.11,MINDY2,MINDY lysine 48 deubiquitinase 2,0.5831,0.7255,0.1361,0.0872,0.1251
ENSG00000111877.17,MCM9,minichromosome maintenance 9 homologous recombination repair factor,0.5210,0.6662,0.0436,0.0951,0.1842
ENSG00000117525.14,F3,"coagulation factor III, tissue factor",0.5013,0.6479,0.0380,0.0028,0.3121
ENSG00000148737.17,TCF7L2,transcription factor 7 like 2,0.5034,0.6504,0.1376,0.0019,0.3294
ENSG00000123360.12,PDE1B,phosphodiesterase 1B,0.5206,0.6707,0.0000,0.0052,0.3063
ENSG00000117280.13,RAB29,"RAB29, member RAS oncogene family",0.5273,0.6778,0.0000,0.0563,0.2154
ENSG00000053438.11,NNAT,neuronatin,0.5495,0.7024,0.1359,0.0244,0.2156
ENSG00000186448.15,ZNF197,zinc finger protein 197,0.5192,0.6724,0.0000,0.1004,0.1444
ENSG00000137413.16,TAF8,TATA-box binding protein associated factor 8,0.5406,0.6941,0.0000,0.0296,0.2236
ENSG00000125246.15,CLYBL,citramalyl-CoA lyase,0.5486,0.7033,0.2971,0.0433,0.1953
ENSG00000205213.14,LGR4,leucine rich repeat containing G protein-coupled receptor 4,0.5296,0.6876,0.0000,0.0255,0.2348
ENSG00000212743.2,LINC02656,long intergenic non-protein coding RNA 2656,0.5193,0.6780,0.0000,0.1365,0.1557
ENSG00000288066.1,,,0.5352,0.6958,0.0000,0.0523,0.2059
ENSG00000108515.17,ENO3,enolase 3,0.5197,0.6879,0.0000,0.0772,0.0763
