ensg,symbol,name,pct_loc_M3,pct_loc_M1,pct_loc_M2,pct_Hemato,pct_Bone
ENSG00000287373.1,,,0.9712,0.9726,0.0000,0.0001,0.0067
ENSG00000089225.19,,,0.9703,0.9922,0.0731,0.0115,0.0102
ENSG00000139910.20,,,0.9429,0.9866,0.0488,0.0206,0.0174
ENSG00000169218.14,,,0.9235,0.9734,0.3783,0.0017,0.0695
ENSG00000197614.11,,,0.9205,0.9280,0.0058,0.0307,0.0154
ENSG00000156103.16,,,0.9158,0.9351,0.0000,0.0159,0.0108
ENSG00000232079.7,,,0.8886,0.9533,0.0000,0.0050,0.1036
ENSG00000108799.13,,,0.8883,0.8666,0.0422,0.0018,0.0381
ENSG00000211893.4,,,0.8812,0.9589,0.0000,0.0161,0.0409
ENSG00000211653.2,,,0.8706,0.8464,0.0000,0.0039,0.0107
ENSG00000211937.3,,,0.8612,0.8797,0.0000,0.0264,0.0709
ENSG00000228035.1,,,0.8561,0.9608,0.0000,0.0195,0.0655
ENSG00000138615.6,,,0.8543,0.9013,0.0000,0.0455,0.0401
ENSG00000211679.2,,,0.8524,0.8076,0.0000,0.0203,0.0137
ENSG00000102547.19,,,0.8445,0.8028,0.0793,0.0752,0.0011
ENSG00000211673.2,,,0.8439,0.8602,0.0000,0.0034,0.0966
ENSG00000177363.5,,,0.8404,0.8841,0.0000,0.0445,0.0852
ENSG00000116194.13,,,0.8181,0.8444,0.0000,0.0134,0.1356
ENSG00000072958.8,,,0.8178,0.7853,0.1926,0.0132,0.1127
ENSG00000211966.2,,,0.8175,0.8343,0.0000,0.0143,0.1088
ENSG00000243466.1,,,0.8172,0.8793,0.0000,0.0519,0.0721
ENSG00000231365.6,,,0.8164,0.8422,0.0000,0.0001,0.1488
ENSG00000267508.5,,,0.8125,0.7715,0.0000,0.0449,0.0243
ENSG00000004866.20,,,0.7988,0.7668,0.0000,0.1318,0.0059
ENSG00000229240.9,,,0.7975,0.8060,0.0915,0.0037,0.1612
ENSG00000270550.1,,,0.7943,0.8144,0.0000,0.0099,0.1410
ENSG00000182667.14,,,0.7917,0.8451,0.0000,0.0001,0.1874
ENSG00000149474.13,,,0.7874,0.7851,0.0000,0.0349,0.1383
ENSG00000114026.21,,,0.7854,0.7052,0.0071,0.0054,0.1482
ENSG00000117335.19,,,0.7832,0.7003,0.0031,0.0077,0.1324
ENSG00000211666.2,,,0.7809,0.8558,0.0000,0.0505,0.1259
ENSG00000161558.11,,,0.7760,0.7421,0.1321,0.0009,0.1857
ENSG00000101049.17,,,0.7739,0.8012,0.3096,0.0000,0.2042
ENSG00000286746.1,,,0.7737,0.9507,0.0000,0.0186,0.1205
ENSG00000143196.5,,,0.7714,0.8283,0.0000,0.0222,0.1625
ENSG00000211640.4,,,0.7705,0.7652,0.0000,0.0093,0.1685
ENSG00000203392.3,,,0.7700,0.7464,0.1432,0.0008,0.1731
ENSG00000211892.4,,,0.7660,0.7251,0.0000,0.0809,0.0343
ENSG00000196569.12,,,0.7599,0.8278,0.1679,0.0177,0.2114
ENSG00000211967.3,,,0.7580,0.7954,0.0000,0.0037,0.2156
ENSG00000086570.12,,,0.7563,0.7480,0.0065,0.0061,0.2106
ENSG00000140153.17,,,0.7562,0.6949,0.0000,0.0438,0.1318
ENSG00000113580.15,,,0.7556,0.7146,0.0000,0.0298,0.1788
ENSG00000211956.2,,,0.7514,0.8460,0.0000,0.0647,0.0892
ENSG00000064205.10,,,0.7503,0.7922,0.1878,0.0034,0.2226
ENSG00000211935.3,,,0.7487,0.8416,0.0000,0.0072,0.2298
ENSG00000267385.1,,,0.7477,0.7278,0.0000,0.0433,0.1512
ENSG00000156463.18,,,0.7476,0.7583,0.0167,0.0302,0.1995
ENSG00000147202.18,,,0.7466,0.6482,0.0000,0.0000,0.1986
ENSG00000117868.17,,,0.7461,0.6942,0.0000,0.0195,0.1998
ENSG00000147257.14,,,0.7427,0.7517,0.1136,0.0018,0.2182
ENSG00000073605.18,,,0.7421,0.7389,0.0000,0.1174,0.1067
ENSG00000196653.12,,,0.7370,0.7565,0.4146,0.0004,0.1830
ENSG00000211660.3,,,0.7361,0.8258,0.0000,0.0001,0.2574
ENSG00000139116.18,,,0.7358,0.6733,0.0000,0.0231,0.1868
ENSG00000280347.1,,,0.7327,0.7222,0.0000,0.0587,0.1795
ENSG00000163520.14,,,0.7310,0.7780,0.0000,0.0237,0.2259
ENSG00000151388.11,,,0.7296,0.7885,0.1153,0.0002,0.2626
ENSG00000287431.1,,,0.7271,0.5919,0.0000,0.0006,0.2186
ENSG00000114126.17,,,0.7267,0.6794,0.0000,0.1848,0.0482
ENSG00000166685.12,,,0.7263,0.7638,0.0000,0.0746,0.1891
ENSG00000141542.11,,,0.7260,0.7340,0.0000,0.0000,0.2234
ENSG00000128923.11,,,0.7255,0.5831,0.1361,0.0872,0.1251
ENSG00000173698.18,,,0.7254,0.6449,0.0000,0.0407,0.1886
ENSG00000236304.1,,,0.7237,0.7725,0.0000,0.1264,0.1200
ENSG00000165055.15,,,0.7213,0.6125,0.0000,0.0238,0.2073
ENSG00000286322.1,,,0.7212,0.7186,0.2600,0.0281,0.2004
ENSG00000058668.14,,,0.7203,0.6960,0.0000,0.0043,0.2571
ENSG00000115884.11,,,0.7202,0.8825,0.1214,0.1013,0.0031
ENSG00000107021.16,,,0.7196,0.6870,0.0070,0.0158,0.2122
ENSG00000255176.1,,,0.7187,0.6831,0.0000,0.0218,0.2169
ENSG00000278983.1,,,0.7168,0.6953,0.2409,0.0198,0.2453
ENSG00000277737.3,,,0.7155,0.7781,0.0789,0.1057,0.0604
ENSG00000172260.15,,,0.7126,0.7561,0.0000,0.0027,0.2463
ENSG00000136367.14,,,0.7106,0.5914,0.0000,0.0470,0.2034
ENSG00000115286.20,,,0.7103,0.7475,0.3118,0.0114,0.2545
ENSG00000169245.6,,,0.7093,0.5808,0.0000,0.0564,0.0246
ENSG00000166289.6,,,0.7082,0.6264,0.0000,0.0539,0.2073
ENSG00000273729.1,,,0.7059,0.5782,0.0000,0.0213,0.2051
ENSG00000158769.18,,,0.7042,0.6038,0.0000,0.0620,0.2024
ENSG00000241351.3,,,0.7037,0.7037,0.0000,0.0116,0.2399
ENSG00000125246.15,,,0.7033,0.5486,0.2971,0.0433,0.1953
ENSG00000053438.11,,,0.7024,0.5495,0.1359,0.0244,0.2156
ENSG00000159884.12,,,0.7015,0.6655,0.0000,0.0834,0.2026
ENSG00000100528.12,,,0.7010,0.7131,0.0000,0.0031,0.2335
ENSG00000112837.17,,,0.7003,0.8112,0.0000,0.0000,0.2899
ENSG00000154274.15,,,0.7001,0.7413,0.0000,0.1447,0.1057
ENSG00000135111.16,,,0.6988,0.7051,0.0000,0.0002,0.2777
ENSG00000064309.14,,,0.6961,0.7298,0.0880,0.0000,0.2846
ENSG00000090905.19,,,0.6959,0.5753,0.1343,0.0056,0.2690
ENSG00000288066.1,,,0.6958,0.5352,0.0000,0.0523,0.2059
ENSG00000171016.12,,,0.6954,0.7796,0.0079,0.0044,0.2621
ENSG00000114790.13,,,0.6942,0.7304,0.1104,0.0015,0.2938
ENSG00000137413.16,,,0.6941,0.5406,0.0000,0.0296,0.2236
ENSG00000143420.18,,,0.6934,0.6596,0.0000,0.1022,0.1909
ENSG00000250565.7,,,0.6924,0.6697,0.0821,0.0169,0.2231
ENSG00000171368.12,,,0.6920,0.5660,0.0502,0.0179,0.2574
ENSG00000074935.14,,,0.6913,0.5901,0.0000,0.0663,0.2006
ENSG00000116521.11,,,0.6891,0.6046,0.0000,0.1086,0.1800
ENSG00000278196.3,,,0.6879,0.7022,0.0000,0.0037,0.2752
ENSG00000108515.17,,,0.6879,0.5197,0.0000,0.0772,0.0763
ENSG00000144674.16,,,0.6878,0.5831,0.0000,0.0434,0.2475
ENSG00000205213.14,,,0.6876,0.5296,0.0000,0.0255,0.2348
ENSG00000211890.4,,,0.6844,0.8815,0.0000,0.1394,0.0158
ENSG00000233967.7,,,0.6840,0.6043,0.0000,0.0101,0.2645
ENSG00000245937.8,,,0.6840,0.7458,0.0000,0.0461,0.2574
ENSG00000177707.11,,,0.6831,0.6258,0.0000,0.0082,0.2798
ENSG00000211669.3,,,0.6829,0.7339,0.0000,0.0067,0.2960
ENSG00000167778.9,,,0.6813,0.5793,0.0000,0.0143,0.2693
ENSG00000182463.16,,,0.6811,0.6816,0.0000,0.0042,0.2655
ENSG00000088179.9,,,0.6804,0.6423,0.0000,0.0223,0.2850
ENSG00000167785.9,,,0.6800,0.5507,0.0000,0.0690,0.2173
ENSG00000163683.12,,,0.6799,0.6144,0.0000,0.0178,0.2688
ENSG00000270021.1,,,0.6795,0.6008,0.0000,0.1185,0.1814
ENSG00000137055.15,,,0.6788,0.4479,0.0000,0.2290,0.0252
ENSG00000119929.13,,,0.6787,0.6824,0.0278,0.0260,0.2697
ENSG00000175356.13,,,0.6786,0.5874,0.2630,0.0856,0.1997
ENSG00000164111.15,,,0.6785,0.5600,0.0000,0.0019,0.2629
ENSG00000212743.2,,,0.6780,0.5193,0.0000,0.1365,0.1557
ENSG00000179715.13,,,0.6779,0.6316,0.0000,0.0033,0.2685
ENSG00000117280.13,,,0.6778,0.5273,0.0000,0.0563,0.2154
ENSG00000215244.3,,,0.6765,0.5689,0.0000,0.0687,0.2391
ENSG00000247081.8,,,0.6760,0.4057,0.0000,0.0302,0.1788
ENSG00000048342.16,,,0.6760,0.6771,0.0000,0.0001,0.2947
ENSG00000258479.6,,,0.6745,0.6031,0.0000,0.0017,0.2953
ENSG00000186448.15,,,0.6724,0.5192,0.0000,0.1004,0.1444
ENSG00000072657.9,,,0.6721,0.6682,0.3823,0.0292,0.2652
ENSG00000151532.13,,,0.6719,0.6097,0.0000,0.2227,0.0788
ENSG00000107175.12,,,0.6717,0.4850,0.2684,0.0107,0.2872
ENSG00000122359.18,,,0.6714,0.5325,0.0723,0.1064,0.1990
ENSG00000152527.14,,,0.6713,0.7106,0.1799,0.0024,0.2926
ENSG00000128928.10,,,0.6712,0.4801,0.0000,0.0005,0.2869
ENSG00000123360.12,,,0.6707,0.5206,0.0000,0.0052,0.3063
ENSG00000070061.15,,,0.6703,0.4419,0.0000,0.1061,0.1728
ENSG00000126458.4,,,0.6696,0.6476,0.0000,0.0004,0.3125
ENSG00000168917.9,,,0.6696,0.5739,0.0512,0.0026,0.3145
ENSG00000211659.2,,,0.6692,0.8740,0.0000,0.1435,0.0450
ENSG00000254369.6,,,0.6690,0.5743,0.0000,0.0662,0.2531
ENSG00000099204.20,,,0.6689,0.6205,0.0804,0.0076,0.2679
ENSG00000170876.7,,,0.6684,0.5686,0.0000,0.0159,0.3021
ENSG00000164659.15,,,0.6681,0.6313,0.3277,0.0067,0.3028
ENSG00000274021.1,,,0.6674,0.6282,0.2657,0.0349,0.2642
ENSG00000103932.12,,,0.6668,0.5641,0.0000,0.0352,0.2884
ENSG00000235397.1,,,0.6668,0.7078,0.0965,0.0026,0.0022
ENSG00000111877.17,,,0.6662,0.5210,0.0436,0.0951,0.1842
ENSG00000244968.7,,,0.6657,0.7922,0.0000,0.0605,0.1561
ENSG00000221818.9,,,0.6657,0.5863,0.0882,0.0000,0.2985
ENSG00000214548.18,,,0.6654,0.4468,0.0000,0.1421,0.1344
ENSG00000150672.17,,,0.6652,0.4353,0.0301,0.0003,0.2917
ENSG00000162878.13,,,0.6640,0.4685,0.1892,0.0005,0.2997
ENSG00000126561.16,,,0.6637,0.4282,0.0699,0.0022,0.2809
ENSG00000281990.1,,,0.6633,0.5640,0.0000,0.0711,0.2120
ENSG00000197776.8,,,0.6633,0.6255,0.0000,0.0005,0.2845
ENSG00000169855.20,,,0.6631,0.7010,0.0000,0.0054,0.3141
ENSG00000131069.20,,,0.6614,0.5464,0.4267,0.0029,0.3134
ENSG00000132824.14,,,0.6614,0.4379,0.0000,0.0460,0.2437
ENSG00000103479.16,,,0.6612,0.4045,0.0000,0.0997,0.1916
ENSG00000103319.12,,,0.6611,0.4232,0.1752,0.0492,0.2497
ENSG00000121310.17,,,0.6600,0.5862,0.1907,0.0390,0.2418
ENSG00000147576.17,,,0.6597,0.5850,0.2500,0.0385,0.2532
ENSG00000100678.18,,,0.6585,0.4861,0.0000,0.0335,0.2648
ENSG00000165526.9,,,0.6584,0.4892,0.2036,0.0704,0.2520
ENSG00000226312.7,,,0.6583,0.5432,0.0000,0.1395,0.1658
ENSG00000170624.13,,,0.6565,0.6740,0.0000,0.0001,0.3298
ENSG00000143315.8,,,0.6559,0.4672,0.0000,0.0008,0.3082
ENSG00000139211.6,,,0.6554,0.4510,0.0000,0.0034,0.3076
ENSG00000036530.9,,,0.6552,0.4533,0.0000,0.1940,0.1241
ENSG00000114739.14,,,0.6539,0.4535,0.0591,0.1962,0.1166
ENSG00000113441.16,,,0.6533,0.4133,0.0000,0.0029,0.2933
ENSG00000106006.6,,,0.6527,0.5414,0.0000,0.0000,0.2974
ENSG00000160233.8,,,0.6527,0.3958,0.0000,0.0019,0.2845
ENSG00000118596.12,,,0.6526,0.4657,0.0000,0.0003,0.2983
ENSG00000123159.16,,,0.6517,0.6174,0.0115,0.0040,0.3281
ENSG00000198040.10,,,0.6516,0.4817,0.0000,0.1187,0.2087
ENSG00000146802.13,,,0.6512,0.4896,0.0000,0.0089,0.3226
ENSG00000169184.6,,,0.6507,0.3845,0.0000,0.0336,0.2698
ENSG00000221926.12,,,0.6507,0.4163,0.2010,0.0323,0.2769
ENSG00000148737.17,,,0.6504,0.5034,0.1376,0.0019,0.3294
ENSG00000110921.14,,,0.6498,0.3575,0.0577,0.0622,0.2283
ENSG00000162929.14,,,0.6498,0.4588,0.0576,0.0548,0.2737
ENSG00000126005.17,,,0.6493,0.4886,0.0458,0.0274,0.2660
ENSG00000135114.12,,,0.6493,0.6040,0.0000,0.0484,0.1700
ENSG00000079102.16,,,0.6488,0.6735,0.0000,0.0002,0.3042
ENSG00000119227.8,,,0.6481,0.4647,0.0000,0.0008,0.3360
ENSG00000117525.14,,,0.6479,0.5013,0.0380,0.0028,0.3121
ENSG00000130363.11,,,0.6472,0.3411,0.0000,0.1187,0.1824
ENSG00000166170.9,,,0.6464,0.4585,0.1002,0.1072,0.2291
ENSG00000204291.11,,,0.6462,0.6538,0.0000,0.0022,0.3279
ENSG00000130818.12,,,0.6460,0.5356,0.0000,0.0037,0.2957
ENSG00000211938.2,,,0.6457,0.8978,0.0000,0.2333,0.0329
ENSG00000247572.8,,,0.6455,0.5203,0.0000,0.0337,0.3137
ENSG00000168490.14,,,0.6454,0.4595,0.0000,0.0555,0.2489
ENSG00000197256.10,,,0.6453,0.4980,0.0742,0.0031,0.1850
ENSG00000118495.19,,,0.6451,0.3924,0.0000,0.0327,0.2940
ENSG00000275126.1,,,0.6451,0.6169,0.0000,0.0209,0.3121
ENSG00000106610.15,,,0.6450,0.4315,0.0000,0.3203,0.0037
ENSG00000106511.6,,,0.6445,0.5825,0.0651,0.0017,0.2980
ENSG00000285774.2,,,0.6443,0.3202,0.0000,0.0137,0.2891
ENSG00000159792.10,,,0.6435,0.5736,0.0000,0.0850,0.0444
ENSG00000108604.16,,,0.6427,0.4743,0.0633,0.0852,0.2469
ENSG00000171135.15,,,0.6426,0.4889,0.0000,0.0825,0.2022
ENSG00000101940.18,,,0.6421,0.4567,0.0000,0.0240,0.3216
ENSG00000151422.13,,,0.6421,0.4826,0.0000,0.0140,0.2977
ENSG00000139970.17,,,0.6419,0.5699,0.2058,0.0017,0.3313
ENSG00000185684.15,,,0.6419,0.3551,0.0000,0.0818,0.2343
ENSG00000198382.9,,,0.6419,0.3459,0.0000,0.0309,0.2874
ENSG00000157379.14,,,0.6410,0.4177,0.0000,0.0584,0.2777
ENSG00000182621.18,,,0.6409,0.5228,0.0000,0.0291,0.3189
ENSG00000204991.11,,,0.6404,0.6047,0.0000,0.0096,0.1574
ENSG00000131831.18,,,0.6399,0.7062,0.1841,0.0173,0.3227
ENSG00000253456.1,,,0.6398,0.5104,0.0000,0.0744,0.2808
ENSG00000151623.15,,,0.6397,0.4693,0.1217,0.0000,0.2803
ENSG00000225793.3,,,0.6397,0.4724,0.0000,0.0004,0.3283
ENSG00000213366.13,,,0.6395,0.5406,0.1197,0.0752,0.2560
ENSG00000116984.13,,,0.6390,0.3678,0.0000,0.0893,0.2321
ENSG00000170631.15,,,0.6378,0.5113,0.0000,0.0164,0.2334
ENSG00000148180.19,,,0.6376,0.5037,0.0653,0.0025,0.3100
ENSG00000100815.12,,,0.6370,0.4045,0.0000,0.0349,0.2995
ENSG00000119760.16,,,0.6359,0.4163,0.0000,0.0637,0.2845
ENSG00000266378.1,,,0.6355,0.6099,0.0112,0.0404,0.2916
ENSG00000203799.13,,,0.6349,0.3521,0.0000,0.0028,0.3392
ENSG00000198130.16,,,0.6349,0.5214,0.0000,0.0006,0.3319
ENSG00000123130.17,,,0.6347,0.3499,0.0000,0.1587,0.1827
ENSG00000215193.12,,,0.6345,0.4608,0.0000,0.1575,0.2012
ENSG00000136717.15,,,0.6345,0.4152,0.0054,0.0153,0.3257
ENSG00000049618.23,,,0.6344,0.4254,0.0000,0.1142,0.2141
ENSG00000204463.12,,,0.6342,0.5375,0.0000,0.2593,0.0693
ENSG00000174332.5,,,0.6341,0.5483,0.0000,0.0039,0.3254
ENSG00000116977.18,,,0.6339,0.3062,0.0000,0.0426,0.2771
ENSG00000012171.20,,,0.6333,0.3720,0.0379,0.0085,0.3120
ENSG00000100934.15,,,0.6332,0.5848,0.0000,0.0000,0.3313
ENSG00000105221.18,,,0.6329,0.3194,0.1925,0.0107,0.3252
ENSG00000134030.14,,,0.6329,0.4330,0.0000,0.0328,0.2786
ENSG00000102606.18,,,0.6316,0.3634,0.0000,0.0585,0.2902
ENSG00000174227.16,,,0.6316,0.3578,0.0000,0.0919,0.2478
ENSG00000099260.11,,,0.6296,0.5846,0.0000,0.0023,0.3397
ENSG00000162604.12,,,0.6294,0.3976,0.0495,0.0937,0.2506
ENSG00000197386.12,,,0.6291,0.3646,0.0000,0.0788,0.2437
ENSG00000169946.14,,,0.6290,0.5281,0.2586,0.0139,0.3431
ENSG00000163832.16,,,0.6289,0.3920,0.0000,0.0205,0.3163
ENSG00000128731.17,,,0.6289,0.2771,0.0000,0.0149,0.3119
ENSG00000162496.9,,,0.6289,0.4769,0.2697,0.0084,0.3389
ENSG00000196458.11,,,0.6289,0.5016,0.0000,0.0003,0.3448
ENSG00000287134.1,,,0.6288,0.4437,0.2957,0.0560,0.3039
ENSG00000162337.12,,,0.6288,0.3444,0.0000,0.0002,0.3260
ENSG00000165102.15,,,0.6286,0.3088,0.0000,0.0033,0.3202
ENSG00000008256.16,,,0.6285,0.3439,0.2087,0.1076,0.2440
ENSG00000246922.8,,,0.6283,0.3230,0.0000,0.0802,0.2107
ENSG00000274523.5,,,0.6281,0.3715,0.0000,0.0777,0.2801
ENSG00000141338.14,,,0.6274,0.4748,0.0245,0.0001,0.3319
ENSG00000143801.17,,,0.6271,0.4506,0.0000,0.0319,0.3160
ENSG00000164011.18,,,0.6268,0.4814,0.0000,0.0296,0.3090
ENSG00000070610.14,,,0.6261,0.6020,0.2359,0.2255,0.0940
ENSG00000133131.15,,,0.6259,0.5596,0.0000,0.0151,0.3536
ENSG00000121067.19,,,0.6259,0.3688,0.0000,0.1124,0.2438
ENSG00000229619.4,,,0.6257,0.3433,0.0699,0.0334,0.2880
ENSG00000089057.15,,,0.6253,0.3824,0.0000,0.0865,0.2652
ENSG00000185825.17,,,0.6251,0.3043,0.0434,0.0018,0.3482
ENSG00000196154.12,,,0.6250,0.3680,0.0000,0.3013,0.0156
ENSG00000147526.20,,,0.6249,0.3613,0.0909,0.0022,0.3381
ENSG00000152492.15,,,0.6249,0.4371,0.0493,0.0000,0.3344
ENSG00000105974.12,,,0.6249,0.5609,0.0000,0.0044,0.3431
ENSG00000177469.13,,,0.6247,0.5652,0.0000,0.0205,0.3047
ENSG00000104267.10,,,0.6246,0.7051,0.0129,0.0815,0.2454
ENSG00000104133.15,,,0.6240,0.2638,0.0000,0.0626,0.2713
ENSG00000164850.15,,,0.6240,0.3017,0.1461,0.0222,0.3073
ENSG00000050327.15,,,0.6231,0.3599,0.0000,0.0034,0.3532
ENSG00000249669.10,,,0.6229,0.3993,0.1595,0.0113,0.3491
ENSG00000250903.9,,,0.6227,0.2667,0.0000,0.1298,0.2112
ENSG00000287299.1,,,0.6224,0.5508,0.0000,0.0038,0.3485
ENSG00000124104.19,,,0.6222,0.5085,0.0582,0.0156,0.3314
ENSG00000075223.14,,,0.6218,0.5230,0.0000,0.0015,0.3311
ENSG00000103351.13,,,0.6210,0.4747,0.0000,0.0229,0.3353
ENSG00000081665.14,,,0.6209,0.2408,0.0035,0.2031,0.1345
ENSG00000225439.3,,,0.6203,0.3122,0.0000,0.0416,0.3021
ENSG00000139644.13,,,0.6202,0.2867,0.0000,0.0420,0.3127
ENSG00000112640.15,,,0.6200,0.3533,0.0000,0.0480,0.3073
ENSG00000125124.12,,,0.6200,0.3175,0.1721,0.1363,0.2195
ENSG00000102225.16,,,0.6192,0.3116,0.0000,0.1225,0.2235
ENSG00000169895.6,,,0.6191,0.2502,0.0000,0.1184,0.2245
ENSG00000262209.3,,,0.6189,0.3448,0.0000,0.0219,0.3202
ENSG00000066933.16,,,0.6186,0.3359,0.0000,0.0351,0.3232
ENSG00000215845.11,,,0.6186,0.4755,0.0534,0.2991,0.0159
ENSG00000025434.19,,,0.6183,0.3143,0.2490,0.0126,0.3016
ENSG00000186174.12,,,0.6183,0.3227,0.0000,0.0013,0.3668
ENSG00000110651.11,,,0.6180,0.4159,0.0000,0.0085,0.3641
ENSG00000102978.13,,,0.6179,0.2304,0.0000,0.2130,0.1312
ENSG00000144824.21,,,0.6177,0.4332,0.0000,0.0012,0.3554
ENSG00000133056.13,,,0.6177,0.2884,0.4562,0.0703,0.2899
ENSG00000047249.18,,,0.6175,0.2180,0.0000,0.1002,0.2302
ENSG00000154262.13,,,0.6171,0.4677,0.0642,0.0293,0.3290
ENSG00000153879.9,,,0.6168,0.3691,0.0000,0.0240,0.3372
ENSG00000122299.12,,,0.6168,0.3015,0.0000,0.1214,0.2301
ENSG00000278318.5,,,0.6167,0.5315,0.0000,0.0723,0.2996
ENSG00000101290.14,,,0.6166,0.2581,0.0000,0.0594,0.2927
ENSG00000221968.9,,,0.6163,0.2044,0.0000,0.0022,0.3254
ENSG00000115306.16,,,0.6154,0.4297,0.0191,0.0216,0.3127
ENSG00000090857.13,,,0.6153,0.2246,0.0088,0.0087,0.3303
ENSG00000198718.13,,,0.6153,0.3288,0.0126,0.1173,0.2270
ENSG00000104388.15,,,0.6153,0.4240,0.0000,0.1182,0.1584
ENSG00000072210.19,,,0.6146,0.4914,0.0000,0.0200,0.3342
ENSG00000197632.9,,,0.6143,0.6141,0.0000,0.0029,0.0567
ENSG00000099282.10,,,0.6142,0.3738,0.0000,0.0063,0.3422
ENSG00000069431.11,,,0.6142,0.4661,0.2389,0.0089,0.3695
ENSG00000153291.16,,,0.6140,0.4109,0.0000,0.0206,0.3555
ENSG00000085721.12,,,0.6140,0.2801,0.0000,0.0383,0.3220
ENSG00000103353.16,,,0.6139,0.4318,0.0000,0.0118,0.3397
ENSG00000115380.20,,,0.6132,0.5496,0.0495,0.0053,0.3434
ENSG00000167333.13,,,0.6131,0.4008,0.0000,0.0582,0.3131
ENSG00000062725.10,,,0.6129,0.2906,0.0000,0.0028,0.3428
ENSG00000105245.9,,,0.6127,0.4093,0.0000,0.0012,0.3689
ENSG00000161944.16,,,0.6126,0.9014,0.0000,0.2508,0.0277
ENSG00000178772.7,,,0.6126,0.5692,0.0087,0.1081,0.1223
ENSG00000175662.17,,,0.6120,0.2866,0.0000,0.0000,0.3518
ENSG00000044115.21,,,0.6118,0.2907,0.0000,0.0006,0.3549
ENSG00000179364.13,,,0.6112,0.3034,0.0776,0.0119,0.3676
ENSG00000070018.9,,,0.6111,0.5818,0.1441,0.0001,0.3726
ENSG00000164828.18,,,0.6109,0.2861,0.0370,0.0297,0.3440
ENSG00000107815.10,,,0.6107,0.7997,0.0000,0.1252,0.2077
ENSG00000171488.15,,,0.6103,0.2958,0.0320,0.0993,0.2439
ENSG00000184924.5,,,0.6100,0.2465,0.0440,0.1938,0.0130
ENSG00000089289.16,,,0.6099,0.3711,0.0000,0.3013,0.0731
ENSG00000102996.5,,,0.6098,0.3714,0.1120,0.0001,0.3631
ENSG00000103197.18,,,0.6093,0.2154,0.0000,0.0654,0.2919
ENSG00000141627.13,,,0.6093,0.2005,0.0000,0.0730,0.2787
ENSG00000020577.13,,,0.6091,0.4341,0.0000,0.0048,0.3768
ENSG00000127955.17,,,0.6089,0.5116,0.0137,0.0251,0.3299
ENSG00000119943.13,,,0.6074,0.3178,0.1004,0.0031,0.3778
ENSG00000139263.11,,,0.6072,0.4521,0.0191,0.0145,0.3637
ENSG00000154134.15,,,0.6072,0.3190,0.1439,0.0331,0.3437
ENSG00000269386.5,,,0.6069,0.2487,0.0000,0.0001,0.3561
ENSG00000198742.9,,,0.6067,0.1753,0.0000,0.0190,0.3220
ENSG00000281490.1,,,0.6067,0.4682,0.0000,0.0799,0.2887
ENSG00000152818.18,,,0.6065,0.2909,0.0398,0.0577,0.3279
ENSG00000164946.19,,,0.6062,0.4029,0.0000,0.0006,0.3753
ENSG00000165868.14,,,0.6060,0.4972,0.1506,0.0087,0.3680
ENSG00000129422.14,,,0.6056,0.4603,0.0776,0.0263,0.3363
ENSG00000143554.14,,,0.6055,0.2781,0.6572,0.0001,0.3460
ENSG00000038382.20,,,0.6051,0.2570,0.0693,0.0226,0.3612
ENSG00000137871.20,,,0.6049,0.4534,0.0000,0.0002,0.3414
ENSG00000182566.13,,,0.6048,0.5707,0.0000,0.0471,0.3100
ENSG00000006194.10,,,0.6047,0.3618,0.0509,0.1032,0.2507
ENSG00000168038.11,,,0.6047,0.3050,0.0000,0.2536,0.0914
ENSG00000197763.17,,,0.6046,0.4161,0.0000,0.0115,0.3594
ENSG00000134343.14,,,0.6045,0.3680,0.0043,0.0023,0.3721
ENSG00000163884.4,,,0.6038,0.5295,0.0662,0.0608,0.3012
ENSG00000184347.14,,,0.6037,0.6313,0.0428,0.0003,0.3660
ENSG00000102349.18,,,0.6036,0.3927,0.2716,0.0022,0.3762
ENSG00000053501.13,,,0.6035,0.3585,0.1012,0.0498,0.2951
ENSG00000285664.2,,,0.6029,0.2813,0.0000,0.0126,0.3488
ENSG00000103067.14,,,0.6027,0.1551,0.0000,0.0111,0.3389
ENSG00000163637.13,,,0.6025,0.4293,0.0160,0.0031,0.3823
ENSG00000227486.2,,,0.6018,0.2655,0.0000,0.0861,0.2887
ENSG00000119729.12,,,0.6018,0.3503,0.0000,0.0006,0.3718
ENSG00000132681.16,,,0.6017,0.3945,0.0000,0.1001,0.1812
ENSG00000159905.14,,,0.6013,0.3325,0.0000,0.0177,0.3584
ENSG00000162729.14,,,0.6013,0.5198,0.0000,0.0152,0.3422
ENSG00000123815.12,,,0.6013,0.1874,0.0000,0.0032,0.3554
ENSG00000124788.18,,,0.6011,0.2561,0.0000,0.1476,0.2015
ENSG00000119537.18,,,0.6008,0.2749,0.0000,0.0081,0.3453
ENSG00000268205.1,,,0.6008,0.2070,0.0000,0.0255,0.3567
ENSG00000151729.11,,,0.6005,0.2886,0.0000,0.0068,0.3569
ENSG00000157152.17,,,0.6002,0.3019,0.1402,0.0061,0.3616
ENSG00000056972.20,,,0.6001,0.1863,0.0000,0.0048,0.3512
ENSG00000057663.16,,,0.6000,0.3244,0.0000,0.0303,0.3325
ENSG00000143624.14,,,0.5998,0.1531,0.0240,0.0232,0.3348
ENSG00000211968.3,,,0.5997,0.6235,0.0000,0.0313,0.3606
ENSG00000117620.15,,,0.5997,0.1572,0.0000,0.0558,0.3019
ENSG00000271447.6,,,0.5995,0.3752,0.0000,0.0099,0.3683
ENSG00000168646.13,,,0.5989,0.4130,0.2000,0.0092,0.3779
ENSG00000185896.11,,,0.5988,0.2313,0.0000,0.1235,0.2672
ENSG00000161714.12,,,0.5985,0.3563,0.1231,0.0000,0.3628
ENSG00000166106.3,,,0.5985,0.4068,0.0863,0.0045,0.3867
ENSG00000182544.8,,,0.5985,0.3956,0.0000,0.0989,0.1092
ENSG00000136111.14,,,0.5981,0.3671,0.0902,0.0073,0.3647
ENSG00000166689.16,,,0.5979,0.2280,0.0000,0.0043,0.3763
ENSG00000100994.12,,,0.5978,0.1687,0.0527,0.0195,0.3586
ENSG00000080845.17,,,0.5978,0.1652,0.0000,0.0164,0.3397
ENSG00000198795.11,,,0.5978,0.4974,0.0077,0.0086,0.3759
ENSG00000103343.13,,,0.5978,0.4223,0.0000,0.0078,0.3371
ENSG00000116117.18,,,0.5972,0.5131,0.2164,0.0042,0.3803
ENSG00000174807.4,,,0.5964,0.5271,0.1004,0.0004,0.3859
ENSG00000133027.18,,,0.5960,0.5930,0.0000,0.0304,0.3387
ENSG00000103227.18,,,0.5960,0.2720,0.0000,0.0773,0.2848
ENSG00000197879.17,,,0.5953,0.2745,0.0000,0.0034,0.3549
ENSG00000024422.12,,,0.5951,0.4989,0.0148,0.0188,0.3369
ENSG00000133943.20,,,0.5951,0.3964,0.0000,0.1184,0.2735
ENSG00000110066.15,,,0.5950,0.1565,0.0000,0.1120,0.2528
ENSG00000100234.11,,,0.5949,0.4384,0.3538,0.0087,0.3431
ENSG00000253846.2,,,0.5948,0.3789,0.0000,0.0000,0.3867
ENSG00000182983.15,,,0.5945,0.4140,0.0000,0.0777,0.3154
ENSG00000102181.21,,,0.5945,0.4450,0.0000,0.0008,0.3825
ENSG00000076555.15,,,0.5943,0.4417,0.2272,0.0362,0.3205
ENSG00000074582.14,,,0.5938,0.2392,0.0000,0.1672,0.2227
ENSG00000142082.15,,,0.5938,0.2890,0.1924,0.0139,0.3800
ENSG00000085741.13,,,0.5938,0.2452,0.2925,0.0050,0.3785
ENSG00000261934.2,,,0.5933,0.3300,0.2834,0.0194,0.3609
ENSG00000106100.11,,,0.5932,0.1444,0.0000,0.0216,0.3609
ENSG00000277152.1,,,0.5931,0.2268,0.0368,0.0075,0.3921
ENSG00000267882.2,,,0.5931,0.4847,0.0000,0.1099,0.0146
ENSG00000188818.12,,,0.5928,0.1543,0.0000,0.0456,0.3387
ENSG00000146243.14,,,0.5925,0.4230,0.0000,0.1030,0.2871
ENSG00000108651.10,,,0.5922,0.2846,0.2046,0.1007,0.2747
ENSG00000257315.2,,,0.5922,0.2696,0.0000,0.0013,0.3722
ENSG00000132600.16,,,0.5921,0.2536,0.0104,0.0032,0.3718
ENSG00000157110.16,,,0.5920,0.3830,0.0196,0.0100,0.3831
ENSG00000188820.13,,,0.5916,0.4724,0.0559,0.0038,0.4007
ENSG00000099290.17,,,0.5916,0.1533,0.0000,0.0225,0.3647
ENSG00000162522.11,,,0.5916,0.3600,0.0000,0.0457,0.3500
ENSG00000099250.18,,,0.5911,0.3059,0.0178,0.0075,0.3731
ENSG00000115282.20,,,0.5907,0.1268,0.0000,0.1409,0.2383
ENSG00000171621.14,,,0.5906,0.0996,0.0000,0.0123,0.3391
ENSG00000186815.12,,,0.5904,0.1693,0.2038,0.1021,0.2877
ENSG00000161929.15,,,0.5903,0.7100,0.0000,0.0942,0.2932
ENSG00000109501.13,,,0.5903,0.3043,0.0896,0.0002,0.3934
ENSG00000272717.1,,,0.5902,0.2168,0.0000,0.0522,0.1820
ENSG00000178814.17,,,0.5899,0.2474,0.0128,0.0093,0.3744
ENSG00000278743.1,,,0.5894,0.4010,0.0000,0.0230,0.1921
ENSG00000231999.7,,,0.5891,0.1056,0.0000,0.0281,0.3444
ENSG00000198482.13,,,0.5888,0.1956,0.0000,0.0253,0.3312
ENSG00000112769.20,,,0.5887,0.4498,0.1135,0.0000,0.3992
ENSG00000153956.16,,,0.5885,0.4129,0.0004,0.0023,0.3887
ENSG00000164330.17,,,0.5885,0.3803,0.0046,0.0115,0.3592
ENSG00000165813.20,,,0.5883,0.1140,0.0000,0.2727,0.0830
ENSG00000077232.18,,,0.5880,0.1419,0.0119,0.2481,0.1456
ENSG00000124942.14,,,0.5878,0.3174,0.0789,0.0050,0.3668
ENSG00000180891.13,,,0.5877,0.1009,0.0789,0.0689,0.2937
ENSG00000187742.15,,,0.5876,0.3906,0.0000,0.1741,0.2090
ENSG00000136859.10,,,0.5876,0.3317,0.0000,0.0023,0.3873
ENSG00000132561.14,,,0.5875,0.3729,0.0634,0.0006,0.3909
ENSG00000130508.11,,,0.5871,0.3700,0.0000,0.0131,0.3593
ENSG00000094914.14,,,0.5870,0.3206,0.0000,0.2813,0.0850
ENSG00000175309.15,,,0.5870,0.2390,0.0000,0.0739,0.3202
ENSG00000287642.1,,,0.5865,0.4579,0.0190,0.0457,0.3565
ENSG00000124067.17,,,0.5865,0.1498,0.0000,0.0042,0.3741
ENSG00000131668.14,,,0.5860,0.9454,0.0000,0.0482,0.3102
ENSG00000103381.12,,,0.5860,0.2729,0.0000,0.0028,0.3090
ENSG00000127990.19,,,0.5859,0.4268,0.0000,0.0004,0.3778
ENSG00000055813.6,,,0.5854,0.3230,0.0000,0.0171,0.3482
ENSG00000026025.16,,,0.5853,0.4546,0.0000,0.0286,0.3524
ENSG00000135473.15,,,0.5852,0.2502,0.0000,0.1164,0.2756
ENSG00000176595.4,,,0.5850,0.6395,0.1490,0.0599,0.3051
ENSG00000212443.1,,,0.5850,0.1401,0.0766,0.0719,0.3118
ENSG00000178761.15,,,0.5849,0.2441,0.1464,0.0035,0.3870
ENSG00000212719.13,,,0.5849,0.3881,0.0184,0.0015,0.3701
ENSG00000168779.19,,,0.5848,0.5944,0.0000,0.0023,0.3570
ENSG00000149115.14,,,0.5848,0.4158,0.0000,0.0014,0.4077
ENSG00000278730.1,,,0.5847,0.2744,0.0000,0.0373,0.3478
ENSG00000126870.16,,,0.5845,0.4813,0.0000,0.0038,0.4036
ENSG00000118094.12,,,0.5841,0.2222,0.0000,0.0003,0.3929
ENSG00000161281.11,,,0.5839,0.4746,0.0000,0.0105,0.3640
ENSG00000211898.7,,,0.5838,0.8247,0.0000,0.1854,0.0846
ENSG00000114999.8,,,0.5837,0.2013,0.0621,0.1221,0.2737
ENSG00000141905.19,,,0.5836,0.4332,0.0000,0.0167,0.3762
ENSG00000099864.18,,,0.5835,0.5005,0.1299,0.0068,0.3878
ENSG00000103512.15,,,0.5835,0.1246,0.0000,0.0269,0.3713
ENSG00000166025.18,,,0.5833,0.4133,0.0609,0.0006,0.3683
ENSG00000123096.11,,,0.5832,0.4408,0.0000,0.0001,0.3835
ENSG00000158321.18,,,0.5829,0.1235,0.0000,0.0765,0.3252
ENSG00000102287.19,,,0.5827,0.3551,0.0000,0.0044,0.3900
ENSG00000197928.10,,,0.5827,0.4383,0.0000,0.0335,0.3670
ENSG00000240970.1,,,0.5825,0.1625,0.0000,0.1787,0.1938
ENSG00000085276.19,,,0.5824,0.2578,0.0400,0.0251,0.3633
ENSG00000175756.13,,,0.5823,0.2899,0.0000,0.1407,0.2414
ENSG00000145730.20,,,0.5823,0.3995,0.0000,0.0016,0.3979
ENSG00000168386.18,,,0.5822,0.3394,0.0000,0.0026,0.3688
ENSG00000125733.18,,,0.5821,0.2359,0.0000,0.0007,0.4006
ENSG00000046889.19,,,0.5818,0.2934,0.0000,0.0009,0.3738
ENSG00000231292.6,,,0.5814,0.4621,0.0000,0.0021,0.3491
ENSG00000008710.19,,,0.5813,0.0530,0.0000,0.0019,0.3656
ENSG00000206228.4,,,0.5812,0.1774,0.0000,0.0066,0.3555
ENSG00000151276.23,,,0.5809,0.4012,0.0000,0.0009,0.4009
ENSG00000169439.12,,,0.5808,0.5082,0.0000,0.0018,0.4041
ENSG00000108773.11,,,0.5806,0.0707,0.0623,0.0230,0.3677
ENSG00000170525.21,,,0.5806,0.0782,0.0000,0.0002,0.3738
ENSG00000179241.13,,,0.5804,0.3964,0.0000,0.0000,0.4031
ENSG00000151176.8,,,0.5804,0.1802,0.1102,0.0191,0.3819
ENSG00000151914.20,,,0.5800,0.3601,0.0000,0.0102,0.3989
ENSG00000124224.17,,,0.5800,0.1264,0.0000,0.1366,0.2637
ENSG00000173546.7,,,0.5799,0.3858,0.0000,0.0007,0.4097
ENSG00000277224.2,,,0.5796,0.5154,0.0000,0.1202,0.2546
ENSG00000213699.9,,,0.5794,0.1925,0.0000,0.0370,0.3721
ENSG00000143631.10,,,0.5793,0.3442,0.0000,0.0268,0.3845
ENSG00000197694.16,,,0.5791,0.2571,0.0000,0.0753,0.3414
ENSG00000119771.15,,,0.5789,0.2511,0.0508,0.0134,0.3800
ENSG00000185800.12,,,0.5787,0.0877,0.0000,0.0309,0.3737
ENSG00000176153.12,,,0.5786,0.0817,0.1429,0.2580,0.1435
ENSG00000115526.11,,,0.5786,0.1418,0.0000,0.0507,0.3567
ENSG00000176225.14,,,0.5786,0.1601,0.0000,0.2046,0.2031
ENSG00000133398.4,,,0.5785,0.0407,0.0000,0.1895,0.1807
ENSG00000092607.15,,,0.5784,0.5058,0.0000,0.0042,0.4021
ENSG00000251022.6,,,0.5783,0.1459,0.0000,0.2713,0.1198
ENSG00000224660.2,,,0.5783,0.1031,0.0016,0.1188,0.2645
ENSG00000057019.16,,,0.5777,0.2129,0.0000,0.0005,0.3739
ENSG00000163291.14,,,0.5777,0.2892,0.0000,0.3124,0.0910
ENSG00000102189.17,,,0.5775,0.3565,0.0000,0.0025,0.4057
ENSG00000257279.1,,,0.5775,0.0738,0.1348,0.0556,0.2706
ENSG00000088448.14,,,0.5769,0.1394,0.0000,0.1021,0.3034
ENSG00000034693.15,,,0.5769,0.3761,0.0000,0.0003,0.3798
ENSG00000054523.17,,,0.5768,0.0487,0.0000,0.0286,0.3583
ENSG00000275131.3,,,0.5767,0.1184,0.0000,0.0000,0.3986
ENSG00000117859.19,,,0.5766,0.0771,0.0000,0.0773,0.3258
ENSG00000139651.11,,,0.5766,0.0840,0.0000,0.1275,0.2774
ENSG00000047849.21,,,0.5763,0.4478,0.0000,0.0139,0.3688
ENSG00000163933.10,,,0.5760,0.1455,0.0000,0.0833,0.3183
ENSG00000139631.18,,,0.5759,0.0880,0.0000,0.0000,0.3980
ENSG00000003137.8,,,0.5758,0.5804,0.0000,0.0760,0.3157
ENSG00000267322.2,,,0.5757,0.1065,0.0000,0.0485,0.3601
ENSG00000238005.4,,,0.5755,0.6930,0.0366,0.0039,0.2204
ENSG00000143771.12,,,0.5753,0.2718,0.0134,0.0914,0.2618
ENSG00000258441.1,,,0.5747,0.0335,0.0000,0.0262,0.3502
ENSG00000118762.8,,,0.5747,0.1405,0.0000,0.0001,0.3759
ENSG00000154258.17,,,0.5746,0.2912,0.0323,0.0139,0.3951
ENSG00000166548.16,,,0.5744,0.3017,0.0024,0.0012,0.3818
ENSG00000187098.15,,,0.5743,0.2269,0.2075,0.0215,0.3955
ENSG00000166326.7,,,0.5742,0.1352,0.0000,0.0535,0.3521
ENSG00000111266.9,,,0.5739,0.0774,0.0000,0.0154,0.3959
ENSG00000245105.4,,,0.5735,0.4021,0.0482,0.0029,0.3792
ENSG00000168487.19,,,0.5735,0.3606,0.0000,0.0008,0.4115
ENSG00000278677.1,,,0.5733,0.2615,0.0000,0.0201,0.3638
ENSG00000238961.1,,,0.5732,0.0170,0.2473,0.0035,0.3755
ENSG00000139645.10,,,0.5730,0.2682,0.0000,0.1790,0.2308
ENSG00000286522.1,,,0.5729,0.5764,0.0000,0.1396,0.2449
ENSG00000182606.16,,,0.5728,0.2358,0.1453,0.1312,0.2886
ENSG00000178467.18,,,0.5727,0.0271,0.0000,0.0378,0.3531
ENSG00000187554.14,,,0.5727,0.0961,0.0000,0.2338,0.1768
ENSG00000182636.8,,,0.5725,0.4488,0.0000,0.0146,0.3860
ENSG00000100324.14,,,0.5723,0.1129,0.0000,0.2278,0.1564
ENSG00000237973.1,,,0.5723,0.3929,0.0000,0.2789,0.0398
ENSG00000115318.12,,,0.5722,0.3346,0.0000,0.1439,0.2470
ENSG00000141404.16,,,0.5719,0.4087,0.1807,0.0017,0.4134
ENSG00000166135.14,,,0.5718,0.5290,0.0000,0.3827,0.0060
ENSG00000102401.20,,,0.5717,0.1164,0.0000,0.0560,0.3579
ENSG00000132694.18,,,0.5711,0.0979,0.0000,0.0090,0.3991
ENSG00000185236.12,,,0.5708,0.2323,0.0176,0.0064,0.3742
ENSG00000015479.19,,,0.5707,0.0294,0.0000,0.0657,0.3337
ENSG00000244045.13,,,0.5707,0.1098,0.0565,0.1464,0.2565
ENSG00000019144.19,,,0.5706,0.4439,0.0000,0.0250,0.3695
ENSG00000211899.10,,,0.5703,0.8309,0.0000,0.3105,0.0998
ENSG00000133030.21,,,0.5699,0.0714,0.3112,0.0315,0.3544
ENSG00000087995.15,,,0.5697,0.2618,0.0000,0.1858,0.2239
ENSG00000269837.1,,,0.5695,0.3346,0.0000,0.0084,0.3027
ENSG00000133812.15,,,0.5692,0.2870,0.0196,0.0004,0.3995
ENSG00000165633.13,,,0.5691,0.2818,0.0000,0.0005,0.4205
ENSG00000100075.10,,,0.5690,0.3172,0.0959,0.0074,0.3857
ENSG00000241769.7,,,0.5690,0.0674,0.1544,0.0467,0.3669
ENSG00000049540.17,,,0.5690,0.4014,0.1619,0.0060,0.3842
ENSG00000159433.12,,,0.5689,0.0100,0.0000,0.0975,0.3021
ENSG00000052841.15,,,0.5688,0.2201,0.0000,0.1582,0.2509
ENSG00000198689.11,,,0.5687,0.1731,0.0000,0.1181,0.2875
ENSG00000172663.9,,,0.5684,0.2640,0.0000,0.2106,0.2073
ENSG00000215712.10,,,0.5677,0.1141,0.1346,0.0317,0.3251
ENSG00000111676.15,,,0.5676,0.3248,0.0000,0.0029,0.4229
ENSG00000126768.12,,,0.5671,0.0561,0.0000,0.1619,0.2612
ENSG00000157510.14,,,0.5670,0.1328,0.0000,0.0067,0.3842
ENSG00000204217.15,,,0.5668,0.2162,0.0000,0.0001,0.4169
ENSG00000121361.5,,,0.5668,0.3848,0.0000,0.0003,0.4244
ENSG00000235859.5,,,0.5667,0.3177,0.0000,0.0388,0.3824
ENSG00000109339.23,,,0.5666,0.3585,0.0000,0.0000,0.3982
ENSG00000247774.7,,,0.5666,0.2397,0.0000,0.2120,0.1759
ENSG00000181523.13,,,0.5665,0.1955,0.0000,0.1275,0.2816
ENSG00000173821.19,,,0.5664,0.1996,0.0000,0.0912,0.2886
ENSG00000131849.12,,,0.5662,0.2058,0.0000,0.0825,0.3330
ENSG00000137070.17,,,0.5662,0.2484,0.0000,0.0167,0.4044
ENSG00000173548.8,,,0.5659,0.3109,0.0000,0.0105,0.4095
ENSG00000126016.15,,,0.5655,0.6121,0.0000,0.0013,0.3920
ENSG00000129933.21,,,0.5655,0.4587,0.0000,0.1913,0.2264
ENSG00000145022.4,,,0.5654,0.1920,0.0000,0.0470,0.3700
ENSG00000157654.18,,,0.5654,0.2898,0.0000,0.0127,0.3868
ENSG00000234290.2,,,0.5651,0.0543,0.0183,0.0199,0.3814
ENSG00000100299.18,,,0.5649,0.0000,0.0345,0.0099,0.3760
ENSG00000015532.10,,,0.5646,0.0528,0.0000,0.0428,0.3757
ENSG00000146072.6,,,0.5645,0.0940,0.0000,0.1148,0.3085
ENSG00000109906.14,,,0.5641,0.1299,0.0000,0.0123,0.3711
ENSG00000073417.15,,,0.5640,0.3348,0.0000,0.0028,0.4138
ENSG00000235106.10,,,0.5640,0.4310,0.0000,0.0164,0.3793
ENSG00000130723.20,,,0.5640,0.0000,0.0000,0.0137,0.3775
ENSG00000164168.8,,,0.5638,0.2214,0.0000,0.0377,0.3552
ENSG00000188636.4,,,0.5636,0.2504,0.0000,0.0206,0.3841
ENSG00000163531.15,,,0.5635,0.1930,0.0000,0.0000,0.4119
ENSG00000163513.18,,,0.5634,0.0583,0.0901,0.1068,0.3121
ENSG00000179151.13,,,0.5634,0.1546,0.0000,0.2873,0.1390
ENSG00000121753.12,,,0.5633,0.4529,0.0000,0.0150,0.3870
ENSG00000256139.2,,,0.5632,0.0000,0.0738,0.0491,0.3660
ENSG00000198792.13,,,0.5631,0.0222,0.0000,0.0029,0.4164
ENSG00000142798.20,,,0.5630,0.2758,0.0799,0.0047,0.4295
ENSG00000144724.20,,,0.5629,0.3743,0.0000,0.0013,0.4290
ENSG00000113621.14,,,0.5629,0.0342,0.0000,0.0751,0.3490
ENSG00000131477.11,,,0.5628,0.5662,0.0266,0.0274,0.3241
ENSG00000163138.19,,,0.5627,0.2078,0.0000,0.0246,0.3933
ENSG00000183742.13,,,0.5623,0.0913,0.1479,0.0040,0.3531
ENSG00000279759.1,,,0.5621,0.2109,0.0000,0.0627,0.3622
ENSG00000253305.2,,,0.5619,0.3172,0.0017,0.0118,0.4152
ENSG00000198399.14,,,0.5619,0.3597,0.0000,0.3079,0.1125
ENSG00000066382.16,,,0.5619,0.1273,0.1764,0.1385,0.2844
ENSG00000163328.13,,,0.5618,0.0000,0.0000,0.0108,0.3966
ENSG00000175857.8,,,0.5618,0.5975,0.0000,0.0960,0.3240
ENSG00000196440.11,,,0.5618,0.2527,0.0000,0.0197,0.4130
ENSG00000177045.10,,,0.5615,0.3848,0.0000,0.0034,0.4093
ENSG00000184381.20,,,0.5613,0.0000,0.0953,0.0072,0.3535
ENSG00000269867.1,,,0.5612,0.6844,0.0054,0.1812,0.0491
ENSG00000159899.14,,,0.5611,0.1973,0.1092,0.0035,0.4257
ENSG00000204070.10,,,0.5610,0.3606,0.0000,0.2852,0.1125
ENSG00000082805.20,,,0.5609,0.0000,0.0000,0.0034,0.4076
ENSG00000179921.15,,,0.5607,0.0079,0.0000,0.0482,0.3769
ENSG00000000003.15,,,0.5601,0.3089,0.0000,0.0019,0.3972
ENSG00000164916.11,,,0.5599,0.0293,0.0000,0.0666,0.3486
ENSG00000233237.8,,,0.5598,0.0222,0.1808,0.0317,0.3921
ENSG00000101901.12,,,0.5598,0.0000,0.0000,0.2756,0.1431
ENSG00000165801.10,,,0.5596,0.2461,0.0000,0.0076,0.4035
ENSG00000187498.16,,,0.5595,0.4094,0.0000,0.0057,0.4248
ENSG00000174804.4,,,0.5594,0.2935,0.3922,0.0077,0.3963
ENSG00000089335.21,,,0.5590,0.1661,0.0000,0.0213,0.3966
ENSG00000166479.10,,,0.5587,0.2786,0.0000,0.0020,0.3917
ENSG00000128272.14,,,0.5585,0.2738,0.0000,0.0036,0.3188
ENSG00000134897.14,,,0.5585,0.3532,0.0000,0.2865,0.1129
ENSG00000165795.23,,,0.5584,0.2996,0.0000,0.0051,0.3752
ENSG00000184304.15,,,0.5583,0.3100,0.0000,0.1863,0.2065
ENSG00000108239.9,,,0.5582,0.0010,0.0000,0.0385,0.3819
ENSG00000269821.1,,,0.5581,0.0057,0.0000,0.0351,0.3756
ENSG00000078814.15,,,0.5578,0.0000,0.0000,0.0624,0.3478
ENSG00000226808.3,,,0.5576,0.1335,0.3112,0.0932,0.3057
ENSG00000107863.18,,,0.5573,0.2215,0.0000,0.0000,0.4121
ENSG00000141446.11,,,0.5567,0.0950,0.0000,0.1209,0.2797
ENSG00000211650.2,,,0.5565,0.4766,0.0000,0.0347,0.3467
ENSG00000258056.2,,,0.5564,0.0932,0.0000,0.0019,0.4318
ENSG00000173401.10,,,0.5562,0.3239,0.2362,0.3151,0.0219
ENSG00000147124.12,,,0.5560,0.0900,0.0000,0.1073,0.3199
ENSG00000090776.6,,,0.5559,0.0636,0.0000,0.0000,0.4190
ENSG00000186501.14,,,0.5559,0.0133,0.0000,0.0866,0.3248
ENSG00000130304.17,,,0.5558,0.0778,0.0000,0.0244,0.4064
ENSG00000235016.1,,,0.5558,0.0000,0.0000,0.1309,0.2812
ENSG00000250067.12,,,0.5556,0.0000,0.0000,0.0419,0.3742
ENSG00000146648.18,,,0.5556,0.3505,0.0000,0.0130,0.4027
ENSG00000188916.9,,,0.5555,0.0000,0.1292,0.1040,0.3122
ENSG00000166439.6,,,0.5555,0.0000,0.0000,0.1081,0.3143
ENSG00000087053.18,,,0.5554,0.4218,0.0000,0.0208,0.3924
ENSG00000127948.16,,,0.5554,0.0000,0.0000,0.0011,0.4274
ENSG00000203993.6,,,0.5553,0.3431,0.0000,0.2556,0.1685
ENSG00000135862.6,,,0.5548,0.2883,0.1444,0.0000,0.4376
ENSG00000134871.19,,,0.5548,0.3287,0.0000,0.0002,0.4394
ENSG00000115486.12,,,0.5547,0.0141,0.0000,0.0404,0.3952
ENSG00000120910.14,,,0.5547,0.0699,0.0000,0.0497,0.3540
ENSG00000188419.14,,,0.5546,0.2598,0.0000,0.0536,0.3737
ENSG00000264247.2,,,0.5545,0.0552,0.1719,0.0217,0.3753
ENSG00000166527.8,,,0.5545,0.3832,0.0000,0.0019,0.4247
ENSG00000183291.17,,,0.5544,0.0000,0.0000,0.0645,0.3686
ENSG00000235954.7,,,0.5537,0.0804,0.0000,0.0307,0.4110
ENSG00000271646.1,,,0.5535,0.0000,0.0000,0.0151,0.4054
ENSG00000109819.9,,,0.5533,0.3278,0.0400,0.0885,0.2486
ENSG00000054690.14,,,0.5531,0.2188,0.0000,0.0249,0.3732
ENSG00000130827.6,,,0.5530,0.1398,0.0000,0.1144,0.2897
ENSG00000170412.18,,,0.5529,0.3586,0.0000,0.0018,0.4264
ENSG00000091592.16,,,0.5527,0.0003,0.0000,0.1596,0.2727
ENSG00000249035.7,,,0.5526,0.4751,0.0000,0.0003,0.4389
ENSG00000168994.13,,,0.5525,0.2732,0.0000,0.0001,0.4267
ENSG00000154263.17,,,0.5525,0.4139,0.2607,0.0016,0.4119
ENSG00000196998.19,,,0.5520,0.1068,0.0000,0.1445,0.2644
ENSG00000231845.3,,,0.5519,0.2514,0.0000,0.3110,0.0586
ENSG00000287126.1,,,0.5516,0.0704,0.0000,0.0042,0.3789
ENSG00000130707.18,,,0.5513,0.4168,0.0000,0.0211,0.3857
ENSG00000161298.18,,,0.5512,0.2025,0.0000,0.0011,0.3962
ENSG00000140943.17,,,0.5511,0.0506,0.0000,0.0116,0.4118
ENSG00000117877.10,,,0.5509,0.5725,0.0000,0.0025,0.0497
ENSG00000135040.16,,,0.5507,0.0892,0.0000,0.1409,0.2800
ENSG00000115170.14,,,0.5506,0.1620,0.0000,0.0625,0.3555
ENSG00000117122.14,,,0.5505,0.5683,0.0000,0.0786,0.3345
ENSG00000010319.7,,,0.5504,0.1697,0.0939,0.0010,0.4220
ENSG00000161011.20,,,0.5503,0.0000,0.0000,0.0154,0.4052
ENSG00000100478.15,,,0.5503,0.0000,0.0000,0.1860,0.2163
ENSG00000152217.19,,,0.5501,0.2308,0.0000,0.0240,0.4160
ENSG00000253485.2,,,0.5496,0.1202,0.1557,0.0914,0.3341
ENSG00000105700.11,,,0.5494,0.1523,0.0000,0.1630,0.2075
ENSG00000162909.18,,,0.5494,0.0600,0.0000,0.0054,0.4282
ENSG00000198952.8,,,0.5492,0.3399,0.0000,0.0934,0.3150
ENSG00000184990.13,,,0.5489,0.0000,0.0196,0.2517,0.1644
ENSG00000110171.20,,,0.5488,0.0000,0.0000,0.0008,0.4285
ENSG00000170390.16,,,0.5485,0.0000,0.0524,0.0585,0.3887
ENSG00000140575.13,,,0.5485,0.0000,0.0000,0.0665,0.3445
ENSG00000204256.13,,,0.5482,0.1768,0.0000,0.0396,0.3673
ENSG00000127603.27,,,0.5478,0.0000,0.0000,0.0281,0.4063
ENSG00000154889.17,,,0.5477,0.0000,0.0000,0.1250,0.3190
ENSG00000088256.9,,,0.5477,0.1202,0.0000,0.0073,0.4129
ENSG00000251364.7,,,0.5477,0.0022,0.0000,0.1457,0.2764
ENSG00000161911.11,,,0.5477,0.3730,0.0000,0.0298,0.4064
ENSG00000149577.16,,,0.5476,0.0000,0.0000,0.0122,0.3883
ENSG00000254122.2,,,0.5476,0.0818,0.0289,0.0129,0.4286
ENSG00000148606.13,,,0.5475,0.0578,0.0000,0.1603,0.2669
ENSG00000163686.15,,,0.5474,0.0194,0.0000,0.0004,0.4219
ENSG00000148358.19,,,0.5474,0.0000,0.0000,0.0285,0.4106
ENSG00000269190.6,,,0.5470,0.4846,0.0396,0.0372,0.3731
ENSG00000130340.16,,,0.5468,0.0000,0.1856,0.0697,0.3711
ENSG00000090539.15,,,0.5467,0.1316,0.0000,0.0018,0.4271
ENSG00000136925.15,,,0.5466,0.0641,0.0000,0.1619,0.2738
ENSG00000103429.11,,,0.5466,0.0619,0.0000,0.1313,0.2959
ENSG00000234500.1,,,0.5463,0.0965,0.0000,0.0012,0.4315
ENSG00000020181.18,,,0.5462,0.1603,0.0000,0.0210,0.4242
ENSG00000157450.15,,,0.5461,0.0193,0.0000,0.1731,0.2604
ENSG00000243335.9,,,0.5458,0.0625,0.1320,0.1178,0.3193
ENSG00000211632.4,,,0.5455,0.1767,0.0000,0.0933,0.3335
ENSG00000188517.16,,,0.5454,0.0235,0.0000,0.0047,0.4082
ENSG00000106617.14,,,0.5453,0.0274,0.0000,0.1692,0.2453
ENSG00000134755.17,,,0.5453,0.0933,0.0000,0.0801,0.3422
ENSG00000140545.15,,,0.5450,0.0143,0.0000,0.0030,0.4318
ENSG00000283674.3,,,0.5450,0.0795,0.0000,0.1770,0.2179
ENSG00000234982.1,,,0.5448,0.0000,0.0000,0.0399,0.3562
ENSG00000005243.10,,,0.5444,0.5210,0.0000,0.0050,0.4234
ENSG00000208772.1,,,0.5440,0.0000,0.0692,0.0111,0.4056
ENSG00000226015.2,,,0.5440,0.0000,0.0000,0.0241,0.3904
ENSG00000205730.6,,,0.5436,0.2450,0.0000,0.0080,0.4302
ENSG00000109674.4,,,0.5434,0.4439,0.0000,0.1018,0.3235
ENSG00000021645.18,,,0.5431,0.8734,0.0000,0.0083,0.3636
ENSG00000133256.12,,,0.5427,0.5712,0.0000,0.0364,0.3823
ENSG00000144369.13,,,0.5425,0.3282,0.0000,0.0423,0.3910
ENSG00000129103.18,,,0.5425,0.0000,0.0000,0.0200,0.4232
ENSG00000104067.16,,,0.5424,0.4308,0.0000,0.0108,0.4072
ENSG00000180155.20,,,0.5424,0.3016,0.0090,0.0015,0.4270
ENSG00000026751.17,,,0.5420,0.9251,0.2050,0.2796,0.0959
ENSG00000165689.17,,,0.5418,0.0000,0.0000,0.1192,0.3194
ENSG00000121775.18,,,0.5416,0.0000,0.0000,0.1306,0.3024
ENSG00000159915.12,,,0.5409,0.2831,0.0000,0.0113,0.3655
ENSG00000187164.20,,,0.5409,0.0000,0.0000,0.1779,0.2614
ENSG00000169047.5,,,0.5408,0.1734,0.0000,0.0193,0.4031
ENSG00000166526.17,,,0.5406,0.1258,0.0000,0.3648,0.0871
ENSG00000067113.17,,,0.5403,0.1865,0.0000,0.0011,0.4368
ENSG00000121440.15,,,0.5402,0.3049,0.0000,0.0120,0.4216
ENSG00000241990.5,,,0.5401,0.3305,0.0000,0.0037,0.2748
ENSG00000188707.6,,,0.5400,0.0000,0.0000,0.1403,0.2395
ENSG00000273599.1,,,0.5399,0.1929,0.0000,0.0030,0.3848
ENSG00000253731.2,,,0.5396,0.0000,0.0011,0.1063,0.3497
ENSG00000130396.20,,,0.5395,0.2796,0.0000,0.0101,0.4311
ENSG00000115137.12,,,0.5394,0.0000,0.0500,0.0726,0.3438
ENSG00000110844.13,,,0.5393,0.0000,0.0000,0.1654,0.2871
ENSG00000204611.7,,,0.5391,0.3355,0.0089,0.0591,0.3775
ENSG00000175164.15,,,0.5389,0.6819,0.0000,0.1764,0.1253
ENSG00000109436.8,,,0.5387,0.0000,0.0000,0.0221,0.4100
ENSG00000164741.15,,,0.5386,0.1318,0.0752,0.0097,0.4323
ENSG00000249502.3,,,0.5385,0.1717,0.0000,0.0006,0.3082
ENSG00000013523.10,,,0.5384,0.0000,0.0000,0.0549,0.3943
ENSG00000261758.1,,,0.5383,0.1957,0.1524,0.0173,0.3950
ENSG00000101384.12,,,0.5381,0.0551,0.2236,0.0002,0.4529
ENSG00000184677.18,,,0.5380,0.1580,0.0000,0.1457,0.2843
ENSG00000178980.15,,,0.5380,0.0870,0.0000,0.1689,0.2588
ENSG00000085063.16,,,0.5379,0.0000,0.0000,0.0515,0.3816
ENSG00000249593.6,,,0.5377,0.0000,0.0958,0.1035,0.3279
ENSG00000188599.17,,,0.5377,0.7521,0.0000,0.1126,0.1813
ENSG00000130803.15,,,0.5377,0.0480,0.0000,0.1368,0.3022
ENSG00000135315.12,,,0.5375,0.1699,0.0000,0.1325,0.2738
ENSG00000155657.26,,,0.5373,0.3392,0.0000,0.2125,0.2156
ENSG00000116133.13,,,0.5371,0.3564,0.0000,0.0456,0.3705
ENSG00000137474.22,,,0.5369,0.0000,0.0000,0.2665,0.1854
ENSG00000072840.13,,,0.5369,0.2932,0.0673,0.0011,0.4569
ENSG00000100154.14,,,0.5364,0.1864,0.0000,0.0255,0.4288
ENSG00000163625.15,,,0.5360,0.0000,0.0341,0.0534,0.3758
ENSG00000281005.1,,,0.5360,0.0000,0.0000,0.0311,0.3930
ENSG00000152894.14,,,0.5357,0.2643,0.0000,0.0036,0.4419
ENSG00000166147.13,,,0.5356,0.2023,0.0539,0.0130,0.4384
ENSG00000287629.1,,,0.5356,0.0436,0.0000,0.0905,0.2618
ENSG00000259416.2,,,0.5353,0.1146,0.0000,0.0031,0.4081
ENSG00000080573.7,,,0.5349,0.2094,0.0000,0.0047,0.4539
ENSG00000144214.9,,,0.5348,0.0000,0.0000,0.0493,0.3776
ENSG00000130158.14,,,0.5345,0.0615,0.0000,0.0135,0.4377
ENSG00000164512.18,,,0.5345,0.4400,0.0000,0.0029,0.4525
ENSG00000242113.3,,,0.5342,0.0000,0.0000,0.0416,0.3430
ENSG00000272668.2,,,0.5341,0.0687,0.0000,0.1282,0.3236
ENSG00000031081.11,,,0.5340,0.0000,0.0000,0.0039,0.4410
ENSG00000158863.22,,,0.5340,0.0000,0.0000,0.0117,0.4201
ENSG00000163902.12,,,0.5333,0.1179,0.0000,0.2130,0.2233
ENSG00000134369.15,,,0.5331,0.1816,0.0541,0.0290,0.4345
ENSG00000141741.12,,,0.5329,0.0464,0.0000,0.1342,0.3200
ENSG00000110011.13,,,0.5326,0.0000,0.2523,0.0864,0.3403
ENSG00000223629.1,,,0.5326,0.3106,0.0000,0.0159,0.4054
ENSG00000119899.13,,,0.5325,0.0000,0.1585,0.1172,0.3326
ENSG00000135835.12,,,0.5322,0.0000,0.0000,0.0223,0.4319
ENSG00000158850.15,,,0.5319,0.1690,0.0000,0.2486,0.1988
ENSG00000165029.16,,,0.5319,0.0000,0.0465,0.0062,0.4129
ENSG00000172037.14,,,0.5315,0.2084,0.0570,0.0008,0.4638
ENSG00000123384.14,,,0.5314,0.0905,0.1030,0.0021,0.4418
ENSG00000049167.14,,,0.5310,0.1518,0.0000,0.0057,0.3667
ENSG00000267199.1,,,0.5309,0.0277,0.0154,0.0977,0.2910
ENSG00000189339.12,,,0.5306,0.2903,0.0000,0.3773,0.0352
ENSG00000078246.17,,,0.5303,0.2271,0.0000,0.0356,0.4053
ENSG00000074410.14,,,0.5298,0.0000,0.0000,0.0053,0.4338
ENSG00000133169.6,,,0.5298,0.4578,0.1908,0.0820,0.3515
ENSG00000138002.15,,,0.5295,0.0828,0.0000,0.2404,0.1839
ENSG00000136960.12,,,0.5294,0.1840,0.0000,0.0044,0.4510
ENSG00000138835.22,,,0.5293,0.1344,0.0000,0.0203,0.4338
ENSG00000164077.14,,,0.5292,0.0000,0.1045,0.0728,0.3764
ENSG00000072694.20,,,0.5291,0.0000,0.0000,0.3016,0.1420
ENSG00000145860.11,,,0.5290,0.0000,0.0000,0.0999,0.3505
ENSG00000079277.21,,,0.5288,0.0131,0.0000,0.2477,0.1880
ENSG00000110274.16,,,0.5286,0.0000,0.0000,0.0358,0.3979
ENSG00000280383.1,,,0.5286,0.0000,0.0000,0.0255,0.4004
ENSG00000155980.12,,,0.5285,0.4646,0.1240,0.0034,0.4552
ENSG00000081059.20,,,0.5284,0.0654,0.1212,0.1451,0.3019
ENSG00000142279.13,,,0.5284,0.1868,0.0000,0.0019,0.4282
ENSG00000074590.13,,,0.5283,0.1686,0.1654,0.0038,0.4561
ENSG00000176410.8,,,0.5283,0.1601,0.1061,0.0494,0.4038
ENSG00000188897.9,,,0.5269,0.5866,0.0000,0.0034,0.2957
ENSG00000118960.13,,,0.5263,0.0918,0.1040,0.0019,0.3368
ENSG00000204220.11,,,0.5262,0.0000,0.0000,0.2175,0.2330
ENSG00000198932.13,,,0.5261,0.0000,0.1126,0.1770,0.2588
ENSG00000251254.1,,,0.5260,0.0781,0.0000,0.0824,0.2637
ENSG00000196074.13,,,0.5258,0.0966,0.0000,0.2064,0.2102
ENSG00000145919.11,,,0.5258,0.1065,0.0000,0.0481,0.3970
ENSG00000239697.11,,,0.5258,0.2011,0.0000,0.0362,0.4277
ENSG00000164164.17,,,0.5257,0.0000,0.0000,0.0884,0.3707
ENSG00000007384.15,,,0.5255,0.0000,0.0000,0.0005,0.4518
ENSG00000140992.19,,,0.5254,0.3575,0.0000,0.2391,0.2125
ENSG00000108639.7,,,0.5253,0.3331,0.0000,0.4062,0.0494
ENSG00000181638.18,,,0.5251,0.0044,0.0000,0.0619,0.3669
ENSG00000177728.17,,,0.5251,0.0000,0.0000,0.0264,0.4167
ENSG00000162231.14,,,0.5247,0.2128,0.0000,0.1090,0.3145
ENSG00000091136.14,,,0.5245,0.0594,0.0756,0.0051,0.4485
ENSG00000122779.18,,,0.5244,0.1198,0.0000,0.2728,0.1560
ENSG00000183655.13,,,0.5244,0.0000,0.0000,0.0737,0.3803
ENSG00000117899.11,,,0.5244,0.0000,0.0000,0.1109,0.3380
ENSG00000189223.15,,,0.5243,0.0000,0.0000,0.2525,0.1856
ENSG00000227908.3,,,0.5238,0.0000,0.0000,0.0032,0.4410
ENSG00000198300.14,,,0.5235,0.1587,0.0000,0.0355,0.4159
ENSG00000167775.11,,,0.5235,0.0389,0.0103,0.0324,0.3969
ENSG00000168056.16,,,0.5233,0.0000,0.0000,0.0047,0.4296
ENSG00000088854.12,,,0.5232,0.0000,0.0000,0.0249,0.4234
ENSG00000175283.7,,,0.5231,0.0513,0.0480,0.0015,0.4393
ENSG00000164366.4,,,0.5230,0.1181,0.2178,0.0286,0.4213
ENSG00000176978.14,,,0.5229,0.0000,0.0000,0.0766,0.3732
ENSG00000048028.11,,,0.5227,0.0000,0.0000,0.1950,0.2687
ENSG00000188343.13,,,0.5224,0.2772,0.0000,0.0000,0.4441
ENSG00000171067.11,,,0.5223,0.0000,0.0000,0.0737,0.3806
ENSG00000173482.16,,,0.5223,0.1581,0.4237,0.0007,0.4586
ENSG00000150760.12,,,0.5220,0.4281,0.0000,0.0012,0.4528
ENSG00000063660.9,,,0.5217,0.1753,0.0000,0.0234,0.4403
ENSG00000288093.1,,,0.5216,0.0000,0.0000,0.0072,0.4554
ENSG00000138448.12,,,0.5210,0.0000,0.0000,0.0019,0.4513
ENSG00000168591.16,,,0.5207,0.0000,0.0000,0.1019,0.3504
ENSG00000173599.15,,,0.5205,0.2266,0.0294,0.0484,0.3910
ENSG00000214063.11,,,0.5202,0.0000,0.0000,0.0780,0.3780
ENSG00000279091.1,,,0.5200,0.1867,0.0000,0.0317,0.4240
ENSG00000111052.7,,,0.5200,0.0000,0.0385,0.1244,0.3180
ENSG00000148400.12,,,0.5196,0.0000,0.0000,0.0160,0.4300
ENSG00000106479.11,,,0.5194,0.0000,0.0731,0.1335,0.3201
ENSG00000123636.18,,,0.5189,0.0000,0.0000,0.0626,0.4077
ENSG00000067221.14,,,0.5189,0.0000,0.0000,0.0239,0.4425
ENSG00000152104.12,,,0.5187,0.2288,0.0000,0.0014,0.4451
ENSG00000182963.10,,,0.5187,0.0000,0.0000,0.1514,0.2796
ENSG00000118200.14,,,0.5186,0.1947,0.0000,0.0012,0.4566
ENSG00000124275.15,,,0.5184,0.0000,0.0000,0.0773,0.3791
ENSG00000145945.7,,,0.5184,0.1670,0.0000,0.0029,0.4612
ENSG00000149634.4,,,0.5183,0.0000,0.0000,0.0042,0.4565
ENSG00000080823.23,,,0.5181,0.0000,0.0000,0.0218,0.4499
ENSG00000174306.21,,,0.5178,0.1307,0.2113,0.0060,0.4077
ENSG00000159640.16,,,0.5176,0.1506,0.0000,0.0484,0.4147
ENSG00000092964.18,,,0.5175,0.2199,0.0000,0.0169,0.4184
ENSG00000136699.19,,,0.5174,0.0000,0.0000,0.2398,0.2194
ENSG00000143294.15,,,0.5159,0.0000,0.0000,0.1097,0.3384
ENSG00000074964.17,,,0.5157,0.0000,0.0000,0.0259,0.4418
ENSG00000263961.8,,,0.5154,0.4310,0.0000,0.0209,0.3654
ENSG00000273151.1,,,0.5154,0.5336,0.0000,0.3112,0.1392
ENSG00000119688.21,,,0.5151,0.0123,0.0000,0.1602,0.3095
ENSG00000131067.17,,,0.5151,0.0000,0.0000,0.0139,0.4622
ENSG00000167772.12,,,0.5150,0.0000,0.0000,0.0653,0.3766
ENSG00000101391.21,,,0.5150,0.0000,0.0000,0.3233,0.1193
ENSG00000109323.11,,,0.5147,0.2064,0.0000,0.3843,0.0731
ENSG00000099338.23,,,0.5146,0.0000,0.4414,0.0084,0.4425
ENSG00000105880.7,,,0.5143,0.9509,0.0000,0.0034,0.4385
ENSG00000170322.14,,,0.5142,0.0237,0.0000,0.2786,0.1790
ENSG00000141441.16,,,0.5141,0.0510,0.1543,0.0029,0.4540
ENSG00000097007.19,,,0.5140,0.0000,0.0000,0.0050,0.4547
ENSG00000158161.16,,,0.5139,0.0000,0.0000,0.0785,0.3576
ENSG00000286138.1,,,0.5139,0.0000,0.0000,0.0464,0.4002
ENSG00000211637.2,,,0.5138,0.8071,0.0000,0.2423,0.1295
ENSG00000160539.6,,,0.5137,0.1753,0.0000,0.0089,0.4470
ENSG00000146411.6,,,0.5136,0.0000,0.0000,0.0783,0.3791
ENSG00000104490.18,,,0.5136,0.0000,0.0000,0.0628,0.3670
ENSG00000131061.14,,,0.5135,0.0000,0.0000,0.0696,0.3899
ENSG00000168904.15,,,0.5135,0.0000,0.0000,0.0647,0.4041
ENSG00000007047.15,,,0.5134,0.0000,0.0760,0.0323,0.4328
ENSG00000204172.12,,,0.5134,0.0436,0.0000,0.0941,0.2733
ENSG00000013288.9,,,0.5132,0.0000,0.0217,0.0535,0.4199
ENSG00000163082.10,,,0.5131,0.3330,0.0000,0.0306,0.4048
ENSG00000224093.5,,,0.5131,0.0000,0.2915,0.0710,0.4093
ENSG00000113384.14,,,0.5126,0.0000,0.0000,0.3111,0.1229
ENSG00000223224.1,,,0.5123,0.3074,0.0078,0.1559,0.0915
ENSG00000133612.19,,,0.5122,0.0000,0.1451,0.0433,0.4050
ENSG00000162407.9,,,0.5119,0.1271,0.0681,0.0016,0.4736
ENSG00000270504.1,,,0.5118,0.0000,0.0000,0.0010,0.4730
ENSG00000285816.1,,,0.5118,0.0000,0.2945,0.0159,0.4310
ENSG00000139908.15,,,0.5114,0.0000,0.0767,0.1860,0.2848
ENSG00000265458.2,,,0.5098,0.0000,0.0000,0.0688,0.3210
ENSG00000198756.12,,,0.5096,0.0000,0.1466,0.1217,0.3338
ENSG00000171680.22,,,0.5095,0.0000,0.0000,0.0378,0.4260
ENSG00000163430.12,,,0.5091,0.2677,0.0000,0.0094,0.4617
ENSG00000161551.14,,,0.5091,0.0000,0.0000,0.0251,0.4522
ENSG00000175906.5,,,0.5090,0.0000,0.0000,0.0347,0.4437
ENSG00000136848.17,,,0.5087,0.2020,0.0000,0.0135,0.4601
ENSG00000239605.11,,,0.5086,0.0000,0.2196,0.0609,0.3132
ENSG00000240849.11,,,0.5083,0.0000,0.1603,0.0347,0.4164
ENSG00000164125.15,,,0.5082,0.0000,0.0000,0.0135,0.4596
ENSG00000198690.10,,,0.5082,0.0000,0.0000,0.2450,0.1949
ENSG00000105568.18,,,0.5079,0.0000,0.0238,0.0873,0.3965
ENSG00000114554.11,,,0.5075,0.0000,0.0000,0.0920,0.3946
ENSG00000250853.1,,,0.5075,0.0000,0.0227,0.0321,0.4144
ENSG00000253438.4,,,0.5074,0.1138,0.0000,0.3620,0.0884
ENSG00000185483.12,,,0.5074,0.0000,0.0751,0.1785,0.2934
ENSG00000159388.6,,,0.5070,0.1148,0.0000,0.1312,0.3225
ENSG00000234428.2,,,0.5066,0.0000,0.1443,0.0323,0.4193
ENSG00000196743.9,,,0.5064,0.0000,0.0000,0.1047,0.3841
ENSG00000122642.11,,,0.5062,0.2363,0.0000,0.0075,0.4827
ENSG00000248222.5,,,0.5062,0.0089,0.0469,0.3671,0.0508
ENSG00000196428.12,,,0.5062,0.0000,0.0000,0.0000,0.4629
ENSG00000229431.1,,,0.5060,0.0000,0.0518,0.1069,0.3195
ENSG00000213380.15,,,0.5060,0.0000,0.0000,0.0400,0.4272
ENSG00000260454.2,,,0.5058,0.0000,0.0000,0.1510,0.2762
ENSG00000136869.16,,,0.5055,0.0000,0.0000,0.3471,0.1229
ENSG00000197724.11,,,0.5055,0.0000,0.0000,0.0640,0.4129
ENSG00000279237.1,,,0.5052,0.1488,0.0000,0.0927,0.2082
ENSG00000242888.1,,,0.5051,0.0000,0.0000,0.0152,0.4304
ENSG00000255874.2,,,0.5050,0.0152,0.0000,0.0094,0.4509
ENSG00000172977.13,,,0.5050,0.0000,0.0000,0.0520,0.3508
ENSG00000227630.4,,,0.5046,0.0000,0.0000,0.1726,0.2438
ENSG00000280365.1,,,0.5045,0.0000,0.0000,0.0686,0.3892
ENSG00000134256.12,,,0.5044,0.4340,0.0000,0.0556,0.3911
ENSG00000085978.22,,,0.5042,0.0000,0.0000,0.2736,0.1993
ENSG00000143878.10,,,0.5037,0.0000,0.0000,0.0070,0.4571
ENSG00000171453.20,,,0.5032,0.0000,0.1988,0.0480,0.4007
ENSG00000180596.7,,,0.5031,0.1186,0.0000,0.0682,0.3598
ENSG00000143842.15,,,0.5026,0.0000,0.0000,0.0001,0.4785
ENSG00000185633.10,,,0.5026,0.0856,0.0000,0.0306,0.4348
ENSG00000287066.1,,,0.5024,0.0175,0.0000,0.3557,0.0445
ENSG00000166164.15,,,0.5020,0.4087,0.0000,0.4166,0.0001
ENSG00000265218.1,,,0.5017,0.0401,0.0000,0.1481,0.1563
ENSG00000183921.7,,,0.5016,0.0811,0.0000,0.1076,0.3538
ENSG00000135631.16,,,0.5016,0.0000,0.0000,0.0675,0.4078
ENSG00000204310.13,,,0.5014,0.1153,0.0000,0.0031,0.4750
ENSG00000245849.8,,,0.5012,0.4954,0.0000,0.3886,0.0575
ENSG00000067182.7,,,0.5010,0.0000,0.0000,0.1007,0.3664
ENSG00000142910.16,,,0.5003,0.0000,0.3315,0.0048,0.4742
ENSG00000105429.13,,,0.5002,0.0000,0.0377,0.0129,0.4675
ENSG00000153132.13,,,0.5001,0.2368,0.0025,0.0035,0.4700
ENSG00000148848.14,,,0.5000,0.2819,0.0000,0.0013,0.4801
ENSG00000105662.16,,,0.4995,0.0372,0.0000,0.0008,0.4519
ENSG00000221038.1,,,0.4994,0.0000,0.0000,0.0831,0.2824
ENSG00000126522.17,,,0.4992,0.0000,0.0384,0.0860,0.3683
ENSG00000104321.11,,,0.4990,0.0000,0.0000,0.0190,0.4695
ENSG00000182534.13,,,0.4986,0.1625,0.0000,0.0007,0.4569
ENSG00000144857.14,,,0.4985,0.1378,0.1515,0.0102,0.4464
ENSG00000251230.6,,,0.4984,0.0000,0.0000,0.0002,0.4625
ENSG00000245025.3,,,0.4983,0.0000,0.0550,0.0038,0.4922
ENSG00000154447.15,,,0.4982,0.3212,0.0000,0.0131,0.4480
ENSG00000115896.16,,,0.4981,0.0360,0.0326,0.0055,0.4676
ENSG00000166033.13,,,0.4980,0.2327,0.0000,0.0030,0.4845
ENSG00000225907.1,,,0.4973,0.0000,0.0597,0.0921,0.2975
ENSG00000123388.4,,,0.4972,0.1313,0.0000,0.3458,0.0400
ENSG00000185386.15,,,0.4972,0.0000,0.1388,0.0108,0.4476
ENSG00000168952.15,,,0.4972,0.3589,0.0000,0.0313,0.4480
ENSG00000102393.10,,,0.4971,0.0000,0.0000,0.0584,0.4227
ENSG00000142686.8,,,0.4965,0.0000,0.0000,0.1056,0.3729
ENSG00000035862.12,,,0.4960,0.0677,0.1794,0.0166,0.4806
ENSG00000203801.8,,,0.4959,0.0000,0.2448,0.3236,0.1054
ENSG00000102802.10,,,0.4955,0.2523,0.0000,0.0141,0.4571
ENSG00000143067.5,,,0.4954,0.0000,0.1066,0.0128,0.4765
ENSG00000197746.14,,,0.4953,0.0000,0.0000,0.0745,0.4150
ENSG00000189410.12,,,0.4953,0.1596,0.0000,0.1463,0.2656
ENSG00000230359.5,,,0.4952,0.0000,0.0271,0.1412,0.2860
ENSG00000197555.9,,,0.4948,0.0000,0.0000,0.2691,0.1950
ENSG00000081721.12,,,0.4947,0.0000,0.0449,0.1189,0.3235
ENSG00000184371.14,,,0.4940,0.0000,0.0000,0.0028,0.4774
ENSG00000280042.1,,,0.4933,0.0000,0.0000,0.0848,0.3793
ENSG00000277494.2,,,0.4929,0.0000,0.0423,0.0085,0.4382
ENSG00000108528.14,,,0.4928,0.1672,0.0000,0.0370,0.4413
ENSG00000229585.4,,,0.4928,0.0382,0.0000,0.1953,0.2613
ENSG00000069122.19,,,0.4928,0.0000,0.0000,0.0006,0.4853
ENSG00000275927.1,,,0.4925,0.1280,0.0000,0.0200,0.4117
ENSG00000223685.6,,,0.4923,0.0000,0.0628,0.3809,0.0318
ENSG00000136010.14,,,0.4922,0.2742,0.0000,0.0033,0.4772
ENSG00000229808.1,,,0.4918,0.5183,0.0000,0.0012,0.3307
ENSG00000196155.13,,,0.4915,0.0000,0.0000,0.0429,0.4411
ENSG00000149480.7,,,0.4915,0.5616,0.0000,0.2571,0.2237
ENSG00000101871.14,,,0.4911,0.0428,0.0727,0.0018,0.4889
ENSG00000276368.1,,,0.4910,0.6219,0.0000,0.2020,0.2605
ENSG00000113248.6,,,0.4908,0.0000,0.0000,0.0116,0.4540
ENSG00000125675.18,,,0.4907,0.1296,0.0000,0.1259,0.2996
ENSG00000258944.1,,,0.4906,0.0000,0.0000,0.0185,0.4305
ENSG00000275023.5,,,0.4905,0.0000,0.0000,0.2137,0.2585
ENSG00000117834.12,,,0.4905,0.0000,0.1027,0.0044,0.4765
ENSG00000102024.18,,,0.4904,0.3477,0.0000,0.0094,0.4759
ENSG00000149516.14,,,0.4901,0.5055,0.0000,0.2029,0.2651
ENSG00000223901.2,,,0.4895,0.0000,0.0382,0.2309,0.2452
ENSG00000275713.2,,,0.4895,0.5207,0.0000,0.1925,0.2607
ENSG00000170180.22,,,0.4894,0.4592,0.0000,0.0673,0.4333
ENSG00000232536.1,,,0.4893,0.0000,0.0000,0.0162,0.4491
ENSG00000071282.12,,,0.4893,0.0000,0.0000,0.0156,0.4687
ENSG00000225138.8,,,0.4892,0.0000,0.0000,0.0990,0.4014
ENSG00000158773.14,,,0.4891,0.3435,0.0000,0.4026,0.0851
ENSG00000207445.1,,,0.4888,0.1104,0.0000,0.0742,0.2307
ENSG00000232406.7,,,0.4888,0.0000,0.1362,0.0006,0.4768
ENSG00000273445.1,,,0.4884,0.2824,0.2144,0.0310,0.2738
ENSG00000111321.11,,,0.4882,0.0032,0.0168,0.0000,0.4747
ENSG00000110711.10,,,0.4880,0.0000,0.0000,0.2754,0.2115
ENSG00000134245.18,,,0.4880,0.0000,0.3988,0.0000,0.4881
ENSG00000169641.13,,,0.4876,0.0000,0.0000,0.0147,0.4834
ENSG00000171444.18,,,0.4876,0.0993,0.0000,0.0014,0.4708
ENSG00000185274.12,,,0.4873,0.5286,0.0024,0.0507,0.3975
ENSG00000184014.8,,,0.4872,0.0000,0.0000,0.0172,0.4528
ENSG00000110237.5,,,0.4871,0.0000,0.0000,0.0001,0.4893
ENSG00000148840.11,,,0.4871,0.1305,0.0000,0.0154,0.4590
ENSG00000255342.1,,,0.4869,0.0000,0.1225,0.0057,0.4502
ENSG00000142733.17,,,0.4867,0.0000,0.0000,0.0077,0.4656
ENSG00000258498.8,,,0.4866,0.5775,0.0000,0.0935,0.3227
ENSG00000167384.10,,,0.4865,0.0000,0.0563,0.0222,0.4252
ENSG00000103066.13,,,0.4865,0.0000,0.0000,0.3069,0.1971
ENSG00000164385.9,,,0.4864,0.1851,0.0000,0.0080,0.3239
ENSG00000167601.12,,,0.4860,0.0000,0.0000,0.1932,0.2996
ENSG00000259521.1,,,0.4860,0.0000,0.0000,0.0160,0.4403
ENSG00000196912.12,,,0.4857,0.0000,0.0000,0.0622,0.4327
ENSG00000167566.17,,,0.4854,0.0000,0.0142,0.0155,0.4873
ENSG00000183807.8,,,0.4853,0.0000,0.0000,0.0351,0.4009
ENSG00000251682.1,,,0.4853,0.0000,0.0000,0.0081,0.4739
ENSG00000067064.11,,,0.4853,0.0000,0.0353,0.1250,0.3625
ENSG00000101425.13,,,0.4853,0.5032,0.2649,0.1833,0.2945
ENSG00000204599.14,,,0.4848,0.7066,0.0000,0.4678,0.0002
ENSG00000007314.12,,,0.4847,0.0000,0.0000,0.0130,0.4565
ENSG00000198786.2,,,0.4843,0.0698,0.0000,0.3068,0.0930
ENSG00000228412.9,,,0.4842,0.0000,0.0000,0.0003,0.4737
ENSG00000111981.5,,,0.4838,0.0000,0.0000,0.0535,0.4220
ENSG00000279752.1,,,0.4832,0.0000,0.1563,0.0047,0.4684
ENSG00000108828.16,,,0.4831,0.0000,0.1050,0.0442,0.4401
ENSG00000136444.10,,,0.4830,0.0000,0.0000,0.2013,0.2961
ENSG00000204859.13,,,0.4828,0.0000,0.0000,0.0370,0.4542
ENSG00000076356.7,,,0.4826,0.0000,0.0000,0.0040,0.4900
ENSG00000119523.10,,,0.4825,0.0000,0.0226,0.2020,0.2746
ENSG00000143344.15,,,0.4820,0.0000,0.0297,0.0811,0.4157
ENSG00000159363.18,,,0.4814,0.0000,0.0000,0.1378,0.3564
ENSG00000109472.14,,,0.4813,0.4920,0.2800,0.0048,0.4888
ENSG00000166822.13,,,0.4812,0.0000,0.0000,0.2203,0.2743
ENSG00000154133.15,,,0.4807,0.0000,0.0009,0.0043,0.4802
ENSG00000116962.15,,,0.4806,0.0000,0.0249,0.0018,0.5044
ENSG00000127946.17,,,0.4803,0.0000,0.0000,0.0380,0.4482
ENSG00000228817.4,,,0.4799,0.3248,0.0000,0.1140,0.2691
ENSG00000172803.18,,,0.4799,0.0000,0.0000,0.0313,0.4532
ENSG00000186272.12,,,0.4797,0.0000,0.0542,0.4311,0.0096
ENSG00000273008.1,,,0.4797,0.1154,0.1551,0.0291,0.2462
ENSG00000087077.14,,,0.4795,0.0000,0.0000,0.0078,0.4794
ENSG00000254838.5,,,0.4790,0.6077,0.0075,0.1889,0.2343
ENSG00000213853.10,,,0.4789,0.0627,0.0000,0.0117,0.4925
ENSG00000212283.1,,,0.4788,0.0703,0.0000,0.0943,0.4013
ENSG00000271843.1,,,0.4788,0.0000,0.0000,0.0271,0.4299
ENSG00000165655.17,,,0.4787,0.0000,0.0000,0.0069,0.4930
ENSG00000112077.16,,,0.4782,0.4691,0.0000,0.1267,0.3611
ENSG00000204262.14,,,0.4781,0.1597,0.1400,0.0655,0.4275
ENSG00000227911.3,,,0.4780,0.0000,0.0808,0.1557,0.3309
ENSG00000260807.7,,,0.4780,0.3761,0.0000,0.1301,0.2870
ENSG00000279891.1,,,0.4780,0.0000,0.0000,0.1986,0.2278
ENSG00000260196.1,,,0.4779,0.4843,0.2110,0.1588,0.2824
ENSG00000110925.7,,,0.4779,0.0000,0.0000,0.0241,0.4719
ENSG00000133619.17,,,0.4779,0.0000,0.0000,0.1005,0.4050
ENSG00000077782.20,,,0.4779,0.0516,0.0000,0.0047,0.4967
ENSG00000170581.14,,,0.4773,0.0000,0.0000,0.0443,0.4616
ENSG00000278570.5,,,0.4769,0.0000,0.1056,0.0001,0.4969
ENSG00000105610.5,,,0.4768,0.5411,0.0000,0.1044,0.4015
ENSG00000273703.1,,,0.4767,0.4850,0.0000,0.1937,0.2638
ENSG00000149289.11,,,0.4767,0.0000,0.0000,0.0722,0.4223
ENSG00000074966.11,,,0.4767,0.3180,0.0000,0.0106,0.4670
ENSG00000253649.5,,,0.4767,0.0000,0.0000,0.3758,0.1015
ENSG00000136068.14,,,0.4765,0.0000,0.0000,0.0032,0.4788
ENSG00000120549.18,,,0.4765,0.0000,0.0000,0.0192,0.4543
ENSG00000126746.17,,,0.4759,0.0000,0.0000,0.1985,0.2681
ENSG00000122863.6,,,0.4755,0.0000,0.0000,0.0002,0.4956
ENSG00000197903.7,,,0.4755,0.3736,0.0000,0.1475,0.2829
ENSG00000008438.5,,,0.4751,0.3394,0.0000,0.1050,0.3807
ENSG00000244018.1,,,0.4751,0.0000,0.0000,0.1657,0.2858
ENSG00000176896.8,,,0.4748,0.0000,0.0000,0.0957,0.3498
ENSG00000129009.13,,,0.4740,0.0191,0.0000,0.0092,0.4925
ENSG00000129219.14,,,0.4736,0.0000,0.0000,0.0426,0.4621
ENSG00000286341.1,,,0.4736,0.2148,0.0000,0.2164,0.2628
ENSG00000185130.5,,,0.4734,0.5505,0.0000,0.1950,0.2812
ENSG00000165915.14,,,0.4734,0.0000,0.3519,0.0255,0.4682
ENSG00000002586.20,,,0.4727,0.2109,0.0242,0.0148,0.4758
ENSG00000244682.7,,,0.4725,0.0000,0.0000,0.1566,0.3542
ENSG00000130600.19,,,0.4725,0.2916,0.0000,0.0284,0.3662
ENSG00000254653.1,,,0.4725,0.0000,0.0000,0.0055,0.4775
ENSG00000160199.15,,,0.4723,0.0000,0.0000,0.0196,0.4778
ENSG00000232653.8,,,0.4723,0.3024,0.0111,0.3087,0.0637
ENSG00000008294.21,,,0.4721,0.0000,0.0000,0.0126,0.4674
ENSG00000169397.3,,,0.4721,0.3811,0.1209,0.1382,0.3704
ENSG00000113083.14,,,0.4720,0.3635,0.0000,0.0001,0.5214
ENSG00000243679.1,,,0.4720,0.0000,0.0000,0.0496,0.4448
ENSG00000100201.21,,,0.4720,0.3007,0.0000,0.4533,0.0132
ENSG00000248278.1,,,0.4716,0.0529,0.0836,0.1186,0.3009
ENSG00000102316.17,,,0.4715,0.0227,0.0000,0.0019,0.4915
ENSG00000104299.15,,,0.4714,0.0000,0.0000,0.0410,0.4476
ENSG00000230417.12,,,0.4713,0.0000,0.0000,0.0883,0.2839
ENSG00000232774.8,,,0.4712,0.0000,0.1748,0.0034,0.3492
ENSG00000116035.4,,,0.4710,0.0000,0.0000,0.1425,0.2821
ENSG00000272645.3,,,0.4707,0.1539,0.0000,0.3193,0.0603
ENSG00000227471.9,,,0.4704,0.0031,0.0000,0.2274,0.2174
ENSG00000185507.21,,,0.4703,0.2701,0.0000,0.0484,0.4319
ENSG00000134013.16,,,0.4703,0.0585,0.0000,0.0001,0.5061
ENSG00000115355.17,,,0.4702,0.0000,0.0000,0.0996,0.4142
ENSG00000156873.16,,,0.4697,0.2338,0.0000,0.4190,0.0505
ENSG00000203666.12,,,0.4692,0.0000,0.0000,0.2921,0.1069
ENSG00000117036.12,,,0.4688,0.0000,0.0000,0.1817,0.3205
ENSG00000264616.1,,,0.4686,0.0000,0.0000,0.0592,0.4523
ENSG00000131446.16,,,0.4683,0.0564,0.0000,0.2479,0.2485
ENSG00000224986.2,,,0.4682,0.0000,0.0000,0.0133,0.4299
ENSG00000270307.1,,,0.4681,0.0174,0.0000,0.1336,0.2110
ENSG00000278674.2,,,0.4680,0.0410,0.0000,0.2361,0.2476
ENSG00000132256.19,,,0.4679,0.0048,0.3844,0.0095,0.4869
ENSG00000173801.17,,,0.4678,0.0000,0.0000,0.2197,0.2986
ENSG00000196628.18,,,0.4674,0.0000,0.0000,0.0987,0.4043
ENSG00000224594.2,,,0.4668,0.0000,0.0000,0.0526,0.4173
ENSG00000174236.4,,,0.4666,0.0000,0.2845,0.0574,0.3338
ENSG00000186340.15,,,0.4665,0.2245,0.0000,0.0327,0.4716
ENSG00000239503.1,,,0.4661,0.0000,0.0287,0.0604,0.4570
ENSG00000186235.11,,,0.4659,0.0000,0.0000,0.0337,0.4508
ENSG00000270585.1,,,0.4653,0.0000,0.0000,0.2292,0.2423
ENSG00000143322.21,,,0.4640,0.0000,0.0000,0.0070,0.5035
ENSG00000251411.1,,,0.4639,0.0000,0.0308,0.0064,0.4853
ENSG00000126243.8,,,0.4636,0.0687,0.1746,0.0133,0.5118
ENSG00000273002.1,,,0.4636,0.0000,0.0000,0.0889,0.4070
ENSG00000113812.14,,,0.4635,0.0000,0.0000,0.2848,0.1870
ENSG00000143546.10,,,0.4635,0.5829,0.0000,0.2683,0.1959
ENSG00000210196.2,,,0.4635,0.1383,0.0000,0.0729,0.1689
ENSG00000188710.3,,,0.4635,0.0000,0.0000,0.0029,0.4961
ENSG00000137834.15,,,0.4634,0.0080,0.0438,0.0310,0.4750
ENSG00000171522.6,,,0.4633,0.0128,0.0000,0.0233,0.5009
ENSG00000186832.9,,,0.4632,0.0000,0.0000,0.0770,0.3636
ENSG00000180549.7,,,0.4632,0.5577,0.0000,0.0874,0.4330
ENSG00000198142.5,,,0.4631,0.0000,0.0000,0.0115,0.5007
ENSG00000198715.13,,,0.4630,0.0000,0.0378,0.1261,0.3745
ENSG00000198840.2,,,0.4626,0.0178,0.0000,0.2604,0.1727
ENSG00000170291.15,,,0.4626,0.0952,0.0000,0.3770,0.0900
ENSG00000188070.9,,,0.4624,0.0000,0.0000,0.0003,0.5244
ENSG00000248587.8,,,0.4619,0.0000,0.0000,0.0659,0.3231
ENSG00000213659.4,,,0.4619,0.0000,0.0000,0.0659,0.3231
ENSG00000225790.2,,,0.4619,0.0000,0.0000,0.0659,0.3231
ENSG00000239440.6,,,0.4619,0.0000,0.0000,0.0659,0.3231
ENSG00000225652.1,,,0.4619,0.0000,0.0000,0.0659,0.3231
ENSG00000229657.2,,,0.4619,0.0000,0.0000,0.0659,0.3231
ENSG00000108688.11,,,0.4619,0.0000,0.0000,0.0659,0.3231
ENSG00000270255.1,,,0.4619,0.0000,0.0000,0.0659,0.3231
ENSG00000254960.2,,,0.4619,0.0000,0.0000,0.0659,0.3231
ENSG00000231906.1,,,0.4619,0.0000,0.0000,0.0659,0.3231
ENSG00000258412.1,,,0.4619,0.0000,0.0000,0.0659,0.3231
ENSG00000226555.1,,,0.4619,0.0000,0.0336,0.0659,0.3231
ENSG00000010322.16,,,0.4618,0.1623,0.0000,0.2247,0.2064
ENSG00000165948.11,,,0.4617,0.0927,0.0000,0.3879,0.0001
ENSG00000184305.15,,,0.4613,0.0000,0.0000,0.0587,0.4584
ENSG00000074842.7,,,0.4613,0.0000,0.1088,0.2440,0.2599
ENSG00000129194.8,,,0.4609,0.0000,0.0000,0.0013,0.5098
ENSG00000143891.17,,,0.4608,0.0000,0.0000,0.0001,0.5047
ENSG00000134287.10,,,0.4605,0.1148,0.0000,0.0756,0.4323
ENSG00000143248.13,,,0.4604,0.1399,0.0000,0.0001,0.5066
ENSG00000251666.1,,,0.4604,0.0000,0.0000,0.0852,0.4277
ENSG00000204920.11,,,0.4603,0.0000,0.0000,0.0075,0.5009
ENSG00000183853.18,,,0.4600,0.1268,0.0000,0.0053,0.5079
ENSG00000103855.18,,,0.4596,0.2055,0.0199,0.0074,0.5106
ENSG00000163221.9,,,0.4591,0.4997,0.0000,0.2076,0.2924
ENSG00000152049.6,,,0.4591,0.0000,0.4819,0.0789,0.4428
ENSG00000163961.4,,,0.4586,0.0000,0.0000,0.4386,0.0051
ENSG00000182796.14,,,0.4585,0.0000,0.0000,0.0072,0.5204
ENSG00000203685.10,,,0.4584,0.0000,0.1335,0.1373,0.3758
ENSG00000213305.3,,,0.4578,0.0000,0.0000,0.0662,0.4110
ENSG00000091428.18,,,0.4574,0.1163,0.0000,0.0000,0.5280
ENSG00000099377.14,,,0.4574,0.0000,0.1814,0.1968,0.2156
ENSG00000120658.13,,,0.4573,0.2691,0.0000,0.0701,0.2712
ENSG00000221539.1,,,0.4568,0.0000,0.0000,0.0025,0.5119
ENSG00000140406.4,,,0.4566,0.0000,0.0000,0.0697,0.4496
ENSG00000287315.1,,,0.4566,0.0000,0.0626,0.0164,0.4732
ENSG00000248671.8,,,0.4563,0.0000,0.2320,0.4417,0.0554
ENSG00000170439.7,,,0.4559,0.0000,0.0000,0.2425,0.1781
ENSG00000178175.12,,,0.4556,0.0000,0.0000,0.0133,0.4689
ENSG00000140835.9,,,0.4555,0.0088,0.0000,0.0972,0.2770
ENSG00000101004.15,,,0.4554,0.0000,0.0000,0.0001,0.5378
ENSG00000196739.15,,,0.4551,0.0000,0.0000,0.0186,0.5186
ENSG00000160766.14,,,0.4550,0.0981,0.0000,0.0547,0.1749
ENSG00000131747.15,,,0.4546,0.6093,0.0000,0.2538,0.2196
ENSG00000198909.7,,,0.4546,0.0000,0.1885,0.2978,0.2234
ENSG00000184619.5,,,0.4541,0.0000,0.0000,0.2899,0.2110
ENSG00000083444.17,,,0.4537,0.0000,0.0000,0.0032,0.5102
ENSG00000278828.1,,,0.4534,0.3555,0.0000,0.1473,0.3558
ENSG00000171298.13,,,0.4534,0.0000,0.0000,0.1387,0.3969
ENSG00000231473.3,,,0.4533,0.0000,0.0000,0.0108,0.4728
ENSG00000004399.12,,,0.4532,0.0000,0.0000,0.0450,0.4823
ENSG00000165757.9,,,0.4529,0.0400,0.1144,0.0007,0.4828
ENSG00000133789.15,,,0.4528,0.0000,0.3257,0.1615,0.3805
ENSG00000279946.1,,,0.4525,0.0000,0.0000,0.0230,0.5069
ENSG00000142303.14,,,0.4524,0.0000,0.0000,0.0255,0.5153
ENSG00000212907.2,,,0.4524,0.0000,0.0000,0.3326,0.0920
ENSG00000161594.7,,,0.4521,0.0000,0.0000,0.0582,0.4264
ENSG00000148346.12,,,0.4520,0.3080,0.0000,0.1399,0.3500
ENSG00000134531.10,,,0.4514,0.0730,0.0000,0.0290,0.4856
ENSG00000158296.14,,,0.4513,0.0000,0.0000,0.0613,0.4445
ENSG00000212588.1,,,0.4511,0.4222,0.0000,0.3076,0.1392
ENSG00000130876.11,,,0.4510,0.1797,0.1495,0.0932,0.3860
ENSG00000274213.1,,,0.4509,0.0000,0.0000,0.0725,0.2111
ENSG00000181458.10,,,0.4509,0.2534,0.0000,0.0323,0.4529
ENSG00000127329.15,,,0.4508,0.0000,0.0753,0.0064,0.5063
ENSG00000186577.14,,,0.4508,0.0000,0.0000,0.0451,0.4806
ENSG00000284657.1,,,0.4507,0.0000,0.2945,0.2057,0.3147
ENSG00000167645.17,,,0.4506,0.0000,0.0000,0.2659,0.1961
ENSG00000203883.7,,,0.4506,0.0000,0.0000,0.0760,0.4550
ENSG00000100448.4,,,0.4505,0.5881,0.0000,0.2044,0.3005
ENSG00000123342.16,,,0.4502,0.0000,0.0000,0.0054,0.5089
ENSG00000142396.10,,,0.4497,0.0000,0.3190,0.1530,0.3714
ENSG00000163915.7,,,0.4496,0.0000,0.0000,0.2066,0.2552
ENSG00000197153.4,,,0.4495,0.4448,0.0000,0.2093,0.2998
ENSG00000279465.1,,,0.4494,0.0000,0.0000,0.0038,0.5202
ENSG00000168140.5,,,0.4490,0.0000,0.0000,0.0100,0.5196
ENSG00000163638.13,,,0.4489,0.0000,0.0000,0.0003,0.5460
ENSG00000135956.8,,,0.4472,0.0000,0.0000,0.0834,0.4416
ENSG00000112473.18,,,0.4472,0.0000,0.3505,0.2533,0.2087
ENSG00000232472.1,,,0.4471,0.0000,0.0000,0.0301,0.4814
ENSG00000182057.5,,,0.4471,0.0000,0.0000,0.2431,0.2479
ENSG00000100600.15,,,0.4470,0.0000,0.0528,0.0843,0.4410
ENSG00000135929.9,,,0.4464,0.0000,0.0000,0.0213,0.5084
ENSG00000082512.15,,,0.4463,0.0000,0.0160,0.1002,0.4204
ENSG00000228097.1,,,0.4463,0.0000,0.0000,0.0571,0.4325
ENSG00000162576.16,,,0.4460,0.2301,0.0000,0.0028,0.5433
ENSG00000253626.3,,,0.4455,0.0000,0.0000,0.0926,0.3247
ENSG00000154898.15,,,0.4455,0.0000,0.1352,0.0293,0.5133
ENSG00000172935.9,,,0.4450,0.5840,0.0000,0.1162,0.2985
ENSG00000204791.10,,,0.4447,0.4770,0.0000,0.2706,0.1107
ENSG00000133424.20,,,0.4447,0.0000,0.0000,0.0005,0.5225
ENSG00000215414.4,,,0.4436,0.0000,0.0000,0.1643,0.3585
ENSG00000253535.5,,,0.4433,0.4474,0.2413,0.0604,0.4504
ENSG00000197582.5,,,0.4432,0.0000,0.0681,0.1390,0.3922
ENSG00000234065.2,,,0.4429,0.0000,0.0000,0.0062,0.5027
ENSG00000277075.2,,,0.4426,0.3079,0.0000,0.1728,0.3391
ENSG00000235784.2,,,0.4424,0.0000,0.0000,0.0374,0.4625
ENSG00000259498.1,,,0.4423,0.0000,0.3163,0.1417,0.3938
ENSG00000229728.1,,,0.4417,0.0000,0.0000,0.0024,0.5405
ENSG00000198886.2,,,0.4413,0.0561,0.0000,0.2794,0.1372
ENSG00000273619.1,,,0.4412,0.0000,0.3254,0.3496,0.0657
ENSG00000273888.1,,,0.4406,0.0000,0.0161,0.0008,0.5235
ENSG00000165626.17,,,0.4405,0.3641,0.2081,0.1403,0.2618
ENSG00000269994.3,,,0.4400,0.0000,0.0000,0.0200,0.4564
ENSG00000232618.2,,,0.4400,0.0000,0.0721,0.0447,0.4782
ENSG00000233799.1,,,0.4398,0.0000,0.0000,0.1495,0.3835
ENSG00000196338.12,,,0.4388,0.0000,0.2625,0.3347,0.2046
ENSG00000018869.16,,,0.4383,0.0000,0.1523,0.0209,0.4151
ENSG00000196586.16,,,0.4383,0.0000,0.0000,0.0017,0.5214
ENSG00000278705.1,,,0.4381,0.3523,0.0000,0.1575,0.2517
ENSG00000111799.21,,,0.4380,0.2061,0.0000,0.0031,0.5330
ENSG00000233891.8,,,0.4372,0.0000,0.0000,0.0005,0.5412
ENSG00000186204.15,,,0.4372,0.0000,0.0000,0.0727,0.4221
ENSG00000288253.1,,,0.4371,0.0000,0.0000,0.1656,0.3340
ENSG00000196188.11,,,0.4360,0.5381,0.0000,0.1482,0.3904
ENSG00000287085.1,,,0.4352,0.0000,0.0744,0.0005,0.4903
ENSG00000234883.6,,,0.4351,0.1472,0.0000,0.0442,0.4876
ENSG00000157542.11,,,0.4348,0.0000,0.0000,0.0001,0.5268
ENSG00000200795.1,,,0.4347,0.0000,0.0620,0.0811,0.4499
ENSG00000111961.18,,,0.4345,0.0104,0.0322,0.0112,0.5381
ENSG00000237172.4,,,0.4343,0.0000,0.2308,0.0640,0.4756
ENSG00000249700.9,,,0.4342,0.0630,0.0851,0.3547,0.0339
ENSG00000141736.13,,,0.4341,0.0000,0.0198,0.0098,0.5254
ENSG00000105219.10,,,0.4330,0.0000,0.0000,0.0087,0.4956
ENSG00000278313.1,,,0.4329,0.0000,0.4375,0.0006,0.5536
ENSG00000131711.15,,,0.4327,0.3473,0.0948,0.0105,0.5504
ENSG00000261159.1,,,0.4325,0.0553,0.0000,0.0230,0.5425
ENSG00000279852.1,,,0.4318,0.0000,0.0000,0.0029,0.5419
ENSG00000159200.18,,,0.4316,0.0000,0.0000,0.0027,0.5273
ENSG00000033867.16,,,0.4311,0.0793,0.0000,0.0241,0.4946
ENSG00000120889.13,,,0.4307,0.0000,0.0000,0.0150,0.5274
ENSG00000180720.7,,,0.4304,0.0000,0.0000,0.0903,0.4185
ENSG00000264745.1,,,0.4304,0.0000,0.0621,0.1589,0.1601
ENSG00000286553.1,,,0.4299,0.0000,0.0307,0.1897,0.3090
ENSG00000074219.13,,,0.4298,0.0000,0.0000,0.0009,0.5447
ENSG00000225313.5,,,0.4297,0.0000,0.0000,0.3714,0.0796
ENSG00000164821.5,,,0.4296,0.4377,0.0000,0.2289,0.3021
ENSG00000173013.6,,,0.4293,0.0000,0.0000,0.0203,0.4577
ENSG00000207280.1,,,0.4289,0.0000,0.0000,0.0004,0.5331
ENSG00000159714.11,,,0.4287,0.3564,0.1059,0.0568,0.4704
ENSG00000136826.15,,,0.4279,0.0000,0.0000,0.0012,0.5334
ENSG00000114993.17,,,0.4274,0.5228,0.0921,0.0806,0.3580
ENSG00000272277.1,,,0.4270,0.0000,0.0000,0.0625,0.4332
ENSG00000249825.6,,,0.4268,0.0450,0.0000,0.0039,0.4968
ENSG00000113282.13,,,0.4266,0.0422,0.0000,0.4428,0.0095
ENSG00000117016.10,,,0.4265,0.0951,0.0000,0.3050,0.2514
ENSG00000105223.20,,,0.4261,0.0000,0.0000,0.0746,0.4876
ENSG00000105738.11,,,0.4260,0.1600,0.0000,0.4188,0.1470
ENSG00000244476.3,,,0.4257,0.0000,0.0000,0.0866,0.4484
ENSG00000241553.12,,,0.4253,0.0000,0.0000,0.0904,0.4007
ENSG00000121297.8,,,0.4251,0.0000,0.0000,0.0230,0.5359
ENSG00000253218.1,,,0.4248,0.1176,0.0296,0.0908,0.4687
ENSG00000089280.18,,,0.4240,0.3889,0.0000,0.0910,0.4005
ENSG00000074181.9,,,0.4234,0.0000,0.0000,0.0153,0.5404
ENSG00000280087.1,,,0.4227,0.0000,0.0000,0.0981,0.4406
ENSG00000272630.1,,,0.4227,0.0000,0.0516,0.2900,0.1797
ENSG00000183722.9,,,0.4217,0.1169,0.2119,0.0097,0.5436
ENSG00000087116.16,,,0.4214,0.0000,0.2668,0.0063,0.5197
ENSG00000275379.1,,,0.4211,0.4946,0.0000,0.2643,0.2552
ENSG00000105618.14,,,0.4211,0.1366,0.0000,0.2903,0.1751
ENSG00000245112.2,,,0.4203,0.0000,0.1037,0.3537,0.1528
ENSG00000232110.8,,,0.4200,0.2862,0.0000,0.0020,0.4189
ENSG00000093009.10,,,0.4197,0.4697,0.0000,0.1382,0.3749
ENSG00000276975.3,,,0.4192,0.0000,0.0000,0.2849,0.1727
ENSG00000050730.16,,,0.4190,0.0923,0.0000,0.0114,0.5635
ENSG00000054392.13,,,0.4185,0.0000,0.0000,0.0444,0.5111
ENSG00000230712.3,,,0.4183,0.1541,0.4597,0.0045,0.5541
ENSG00000072041.17,,,0.4182,0.2880,0.0290,0.2714,0.0894
ENSG00000128340.15,,,0.4179,0.7597,0.0000,0.3081,0.1935
ENSG00000286722.1,,,0.4177,0.0000,0.4399,0.1036,0.4538
ENSG00000168286.3,,,0.4175,0.0000,0.0741,0.0283,0.5193
ENSG00000254739.1,,,0.4162,0.3129,0.0204,0.1321,0.3938
ENSG00000010327.10,,,0.4158,0.0000,0.0000,0.1127,0.4494
ENSG00000170458.14,,,0.4155,0.0000,0.0000,0.0609,0.5086
ENSG00000203721.7,,,0.4155,0.0000,0.0000,0.0172,0.5285
ENSG00000115232.14,,,0.4149,0.7261,0.2214,0.3313,0.2249
ENSG00000137965.11,,,0.4148,0.0000,0.0000,0.0604,0.3158
ENSG00000236204.6,,,0.4141,0.0000,0.1154,0.1476,0.3757
ENSG00000188760.10,,,0.4139,0.0000,0.0000,0.1681,0.2927
ENSG00000227028.6,,,0.4138,0.0000,0.1579,0.2530,0.3175
ENSG00000241135.6,,,0.4137,0.0222,0.2707,0.4229,0.0334
ENSG00000180035.12,,,0.4136,0.0000,0.0811,0.3850,0.1417
ENSG00000235790.7,,,0.4135,0.0000,0.0000,0.0141,0.5227
ENSG00000182827.9,,,0.4131,0.0000,0.0000,0.3079,0.1629
ENSG00000253522.6,,,0.4127,0.4507,0.1128,0.1313,0.3907
ENSG00000065882.16,,,0.4126,0.0516,0.0232,0.4395,0.1223
ENSG00000274220.1,,,0.4122,0.1721,0.0000,0.1854,0.1633
ENSG00000163563.8,,,0.4119,0.6971,0.0000,0.3118,0.1776
ENSG00000261560.1,,,0.4117,0.0000,0.0000,0.0668,0.5001
ENSG00000253227.2,,,0.4116,0.0699,0.0118,0.0064,0.5719
ENSG00000213713.3,,,0.4116,0.0341,0.0000,0.1121,0.2220
ENSG00000273387.1,,,0.4116,0.0000,0.0000,0.0446,0.5265
ENSG00000255159.1,,,0.4113,0.0000,0.1356,0.1315,0.3650
ENSG00000240429.1,,,0.4094,0.0000,0.0000,0.4097,0.0560
ENSG00000198818.10,,,0.4073,0.4830,0.0000,0.3676,0.1282
ENSG00000086548.9,,,0.4070,0.2732,0.0000,0.1857,0.3564
ENSG00000110025.13,,,0.4069,0.2603,0.0550,0.3125,0.0465
ENSG00000172927.8,,,0.4067,0.0585,0.2226,0.1786,0.1128
ENSG00000189238.6,,,0.4065,0.0000,0.1650,0.0011,0.5417
ENSG00000179362.14,,,0.4062,0.0000,0.1301,0.1510,0.2786
ENSG00000081803.16,,,0.4052,0.0000,0.0000,0.0116,0.5724
ENSG00000262406.3,,,0.4052,0.0000,0.0000,0.1401,0.3424
ENSG00000117984.14,,,0.4049,0.0000,0.0000,0.2137,0.3552
ENSG00000136244.12,,,0.4044,0.0000,0.0556,0.0389,0.5449
ENSG00000239883.8,,,0.4036,0.0000,0.0571,0.4163,0.0006
ENSG00000285603.1,,,0.4033,0.0000,0.0000,0.0071,0.5662
ENSG00000120896.13,,,0.4027,0.0741,0.0480,0.0001,0.5400
ENSG00000092421.16,,,0.4023,0.0000,0.0000,0.1481,0.4361
ENSG00000023330.15,,,0.4021,0.0000,0.0000,0.3083,0.1543
ENSG00000163617.11,,,0.4017,0.0000,0.0000,0.2729,0.2634
ENSG00000158747.14,,,0.4014,0.0738,0.1701,0.0007,0.5732
ENSG00000104870.13,,,0.4009,0.0000,0.0000,0.1778,0.3897
ENSG00000258768.2,,,0.4003,0.5589,0.1495,0.1765,0.2447
ENSG00000168334.9,,,0.4002,0.0392,0.1696,0.0306,0.5326
ENSG00000197561.7,,,0.3998,0.4256,0.0000,0.2369,0.2952
ENSG00000284966.3,,,0.3991,0.0000,0.0000,0.0115,0.5268
ENSG00000242550.6,,,0.3987,0.3987,0.0000,0.2612,0.2165
ENSG00000178573.7,,,0.3985,0.0000,0.0264,0.1738,0.3963
ENSG00000123610.5,,,0.3984,0.0000,0.0000,0.1053,0.3875
ENSG00000280916.2,,,0.3978,0.0000,0.0376,0.0003,0.5838
ENSG00000118407.15,,,0.3975,0.2721,0.0000,0.0048,0.5923
ENSG00000050820.17,,,0.3957,0.0000,0.0000,0.0017,0.5726
ENSG00000260027.5,,,0.3956,0.1822,0.5248,0.0241,0.4837
ENSG00000099725.14,,,0.3941,0.0000,0.0000,0.1138,0.2751
ENSG00000268355.1,,,0.3936,0.0996,0.0000,0.1528,0.3122
ENSG00000105205.7,,,0.3932,0.4286,0.0000,0.2646,0.2927
ENSG00000204706.14,,,0.3931,0.0549,0.0000,0.3230,0.0535
ENSG00000223549.1,,,0.3930,0.0000,0.0000,0.0793,0.5067
ENSG00000164047.6,,,0.3928,0.4363,0.0000,0.2358,0.3122
ENSG00000124256.15,,,0.3925,0.0000,0.0000,0.3119,0.2083
ENSG00000254554.1,,,0.3924,0.0567,0.2711,0.0032,0.5940
ENSG00000042493.16,,,0.3923,0.0000,0.0000,0.3746,0.0925
ENSG00000214212.9,,,0.3917,0.6745,0.0000,0.2080,0.2657
ENSG00000167123.19,,,0.3912,0.1830,0.0134,0.0230,0.4588
ENSG00000187950.8,,,0.3907,0.0000,0.3722,0.1059,0.4389
ENSG00000174871.11,,,0.3906,0.0000,0.3549,0.1496,0.3516
ENSG00000069998.12,,,0.3904,0.0000,0.0873,0.4055,0.0475
ENSG00000167768.4,,,0.3900,0.4469,0.0000,0.1306,0.4495
ENSG00000182580.3,,,0.3895,0.0000,0.0000,0.1345,0.3939
ENSG00000096696.14,,,0.3885,0.7513,0.2661,0.0002,0.5746
ENSG00000277157.1,,,0.3883,0.1719,0.0000,0.2349,0.3224
ENSG00000273983.1,,,0.3880,0.5203,0.0000,0.3127,0.2359
ENSG00000256657.1,,,0.3879,0.2030,0.0000,0.3338,0.0308
ENSG00000066379.15,,,0.3877,0.0000,0.0000,0.4489,0.0676
ENSG00000077009.13,,,0.3877,0.0000,0.0000,0.0586,0.4513
ENSG00000285043.1,,,0.3876,0.0000,0.0000,0.4537,0.0233
ENSG00000229751.1,,,0.3868,0.0000,0.1955,0.2298,0.3362
ENSG00000214402.7,,,0.3865,0.0000,0.0000,0.0000,0.5841
ENSG00000123700.4,,,0.3863,0.0000,0.0023,0.0003,0.5620
ENSG00000243364.8,,,0.3853,0.0000,0.0000,0.0436,0.5389
ENSG00000215450.2,,,0.3847,0.0379,0.0000,0.2717,0.0974
ENSG00000249740.3,,,0.3840,0.0000,0.0266,0.0184,0.5568
ENSG00000225783.8,,,0.3832,0.6535,0.0000,0.4090,0.1704
ENSG00000088727.12,,,0.3824,0.0000,0.1071,0.4490,0.0491
ENSG00000239218.2,,,0.3822,0.0000,0.0000,0.0041,0.5841
ENSG00000130751.10,,,0.3821,0.1013,0.2645,0.2328,0.2900
ENSG00000224389.9,,,0.3821,0.3325,0.0000,0.0620,0.4922
ENSG00000261618.2,,,0.3815,0.0211,0.0840,0.1462,0.4513
ENSG00000123405.14,,,0.3815,0.5957,0.0000,0.2665,0.3206
ENSG00000171056.8,,,0.3797,0.0000,0.0036,0.0287,0.5578
ENSG00000162702.8,,,0.3792,0.1196,0.0000,0.4377,0.0371
ENSG00000121053.6,,,0.3786,0.4454,0.0000,0.2375,0.3112
ENSG00000286256.2,,,0.3779,0.0000,0.0000,0.0868,0.5033
ENSG00000203739.4,,,0.3776,0.0000,0.0000,0.4438,0.0004
ENSG00000262370.6,,,0.3773,0.0128,0.0000,0.3065,0.2675
ENSG00000102890.16,,,0.3771,0.0966,0.0948,0.5079,0.0134
ENSG00000089847.12,,,0.3770,0.0000,0.0234,0.4299,0.0186
ENSG00000118113.12,,,0.3769,0.4820,0.0000,0.2841,0.2359
ENSG00000157227.13,,,0.3764,0.0208,0.0000,0.0007,0.6015
ENSG00000225422.4,,,0.3761,0.2672,0.0000,0.5024,0.0014
ENSG00000070961.15,,,0.3758,0.2611,0.0000,0.2696,0.3354
ENSG00000170561.13,,,0.3746,0.0000,0.0135,0.0028,0.5942
ENSG00000185480.11,,,0.3744,0.2642,0.0000,0.1764,0.3820
ENSG00000270605.1,,,0.3744,0.2396,0.0000,0.0371,0.4625
ENSG00000160191.18,,,0.3743,0.0000,0.0000,0.0197,0.5599
ENSG00000279544.1,,,0.3740,0.1932,0.0647,0.4591,0.0050
ENSG00000109320.13,,,0.3730,0.6001,0.0000,0.3593,0.2370
ENSG00000123685.9,,,0.3729,0.0903,0.3110,0.2032,0.3793
ENSG00000120708.17,,,0.3727,0.0000,0.0641,0.2809,0.3329
ENSG00000224430.2,,,0.3726,0.0000,0.0000,0.3862,0.0199
ENSG00000244256.3,,,0.3724,0.1486,0.0000,0.3025,0.0732
ENSG00000185811.19,,,0.3722,0.7146,0.0000,0.3721,0.2269
ENSG00000219642.2,,,0.3719,0.0000,0.1210,0.2734,0.1266
ENSG00000254897.1,,,0.3714,0.0000,0.0000,0.0898,0.5028
ENSG00000185585.20,,,0.3712,0.1345,0.0000,0.1037,0.5065
ENSG00000179314.14,,,0.3710,0.1000,0.0000,0.1713,0.4017
ENSG00000262580.5,,,0.3702,0.2642,0.0000,0.4900,0.0308
ENSG00000137857.17,,,0.3699,0.0000,0.0000,0.4981,0.0001
ENSG00000231881.2,,,0.3694,0.1020,0.2617,0.0423,0.5504
ENSG00000052126.14,,,0.3690,0.5415,0.0000,0.0000,0.5827
ENSG00000248213.3,,,0.3687,0.0000,0.0000,0.4140,0.0092
ENSG00000185477.5,,,0.3686,0.0000,0.0000,0.0022,0.5721
ENSG00000006118.14,,,0.3682,0.0262,0.1881,0.1023,0.5196
ENSG00000178860.8,,,0.3668,0.0000,0.0000,0.0084,0.6148
ENSG00000270140.1,,,0.3666,0.0532,0.0000,0.2521,0.1277
ENSG00000038945.15,,,0.3663,0.0000,0.0310,0.0594,0.5385
ENSG00000287252.1,,,0.3658,0.0159,0.0000,0.0096,0.4520
ENSG00000234465.11,,,0.3655,0.0001,0.0000,0.2255,0.3214
ENSG00000124659.7,,,0.3655,0.0000,0.0000,0.5213,0.0103
ENSG00000225028.1,,,0.3641,0.0000,0.0000,0.1123,0.4979
ENSG00000267796.8,,,0.3636,0.0000,0.0000,0.4163,0.1328
ENSG00000272625.1,,,0.3635,0.2901,0.0038,0.3283,0.2419
ENSG00000267607.1,,,0.3627,0.6621,0.0000,0.1079,0.3807
ENSG00000173432.12,,,0.3624,0.0160,0.0000,0.2886,0.0066
ENSG00000151575.14,,,0.3624,0.0000,0.0211,0.5205,0.0139
ENSG00000145386.10,,,0.3623,0.3838,0.0000,0.2717,0.2838
ENSG00000237410.1,,,0.3618,0.0577,0.0000,0.1135,0.4422
ENSG00000095932.7,,,0.3614,0.4788,0.0514,0.2066,0.3573
ENSG00000253755.1,,,0.3612,0.9073,0.0000,0.3396,0.1808
ENSG00000206337.11,,,0.3610,0.0113,0.0000,0.5445,0.0011
ENSG00000117643.14,,,0.3607,0.2258,0.0341,0.0126,0.5824
ENSG00000264932.3,,,0.3596,0.0000,0.0000,0.2326,0.1521
ENSG00000120332.16,,,0.3593,0.3290,0.2117,0.1721,0.3616
ENSG00000163739.5,,,0.3589,0.4810,0.0000,0.0087,0.5480
ENSG00000213204.8,,,0.3578,0.0000,0.4725,0.2681,0.1445
ENSG00000279434.1,,,0.3576,0.1286,0.0000,0.5121,0.0029
ENSG00000170667.14,,,0.3565,0.0129,0.0000,0.1979,0.4287
ENSG00000259125.1,,,0.3562,0.0000,0.0000,0.2046,0.1640
ENSG00000163993.7,,,0.3556,0.4182,0.0000,0.3004,0.2801
ENSG00000147140.16,,,0.3552,0.0000,0.0000,0.5326,0.0005
ENSG00000168298.6,,,0.3552,0.2003,0.0000,0.2315,0.3195
ENSG00000179218.13,,,0.3552,0.0548,0.0000,0.4405,0.0964
ENSG00000255202.1,,,0.3549,0.0000,0.1760,0.0577,0.5034
ENSG00000272824.1,,,0.3543,0.1129,0.1441,0.2061,0.0925
ENSG00000162069.16,,,0.3541,0.0000,0.0000,0.0794,0.4960
ENSG00000176887.7,,,0.3536,0.1660,0.1229,0.0101,0.6302
ENSG00000267028.1,,,0.3534,0.0000,0.0000,0.2081,0.4107
ENSG00000163795.14,,,0.3529,0.1519,0.5233,0.3527,0.1858
ENSG00000171943.12,,,0.3520,0.0000,0.0000,0.0879,0.5309
ENSG00000205177.6,,,0.3517,0.0000,0.0000,0.0260,0.5533
ENSG00000260078.3,,,0.3516,0.4854,0.0000,0.2478,0.3184
ENSG00000237940.3,,,0.3502,0.0157,0.0000,0.4866,0.1291
ENSG00000168916.15,,,0.3495,0.0000,0.0000,0.0717,0.5522
ENSG00000137269.15,,,0.3491,0.0000,0.0000,0.4901,0.0190
ENSG00000108342.12,,,0.3479,0.0111,0.0000,0.1041,0.4681
ENSG00000092067.5,,,0.3477,0.4924,0.0000,0.3532,0.1953
ENSG00000287074.1,,,0.3475,0.1916,0.0000,0.5509,0.0393
ENSG00000124813.23,,,0.3469,0.9318,0.0000,0.0002,0.5883
ENSG00000165702.14,,,0.3451,0.4518,0.1040,0.2897,0.3141
ENSG00000127362.2,,,0.3447,0.0000,0.0113,0.2394,0.1434
ENSG00000228078.1,,,0.3447,0.0000,0.0000,0.1144,0.4200
ENSG00000115267.8,,,0.3447,0.5668,0.0000,0.0429,0.5565
ENSG00000104918.8,,,0.3440,0.4792,0.0000,0.2727,0.3063
ENSG00000055118.15,,,0.3431,0.4377,0.0000,0.2529,0.3554
ENSG00000124835.2,,,0.3429,0.0000,0.3828,0.2353,0.1575
ENSG00000278886.1,,,0.3429,0.0000,0.0000,0.2353,0.1575
ENSG00000198074.10,,,0.3429,0.0000,0.0000,0.2353,0.1575
ENSG00000111262.6,,,0.3429,0.0000,0.0000,0.2353,0.1575
ENSG00000249947.2,,,0.3429,0.0000,0.0000,0.2353,0.1575
ENSG00000250039.4,,,0.3429,0.0000,0.0000,0.2353,0.1575
ENSG00000280348.1,,,0.3429,0.0000,0.0000,0.2353,0.1575
ENSG00000183840.7,,,0.3429,0.0000,0.1705,0.2353,0.1575
ENSG00000250813.1,,,0.3429,0.0000,0.2289,0.2353,0.1575
ENSG00000273264.1,,,0.3429,0.0000,0.0000,0.2353,0.1575
ENSG00000248975.2,,,0.3429,0.0000,0.0000,0.2353,0.1575
ENSG00000172020.12,,,0.3429,0.0000,0.3969,0.2353,0.1575
ENSG00000118513.19,,,0.3415,0.4955,0.0000,0.3101,0.2868
ENSG00000115844.11,,,0.3410,0.3551,0.1116,0.0075,0.5501
ENSG00000204086.4,,,0.3403,0.3717,0.0000,0.3925,0.0002
ENSG00000149428.19,,,0.3402,0.1290,0.0073,0.4642,0.0968
ENSG00000163734.4,,,0.3383,0.3966,0.0000,0.0128,0.5226
ENSG00000101307.15,,,0.3381,0.5218,0.0013,0.2848,0.3389
ENSG00000138311.17,,,0.3373,0.0000,0.0000,0.0062,0.6102
ENSG00000225879.2,,,0.3366,0.0000,0.0000,0.2693,0.1315
ENSG00000133742.13,,,0.3356,0.5308,0.0572,0.3339,0.2825
ENSG00000163041.11,,,0.3353,0.2508,0.0000,0.5474,0.0162
ENSG00000237649.8,,,0.3352,0.4972,0.0000,0.3195,0.2588
ENSG00000143627.19,,,0.3351,0.4005,0.0000,0.2445,0.3421
ENSG00000264920.2,,,0.3337,0.5109,0.2164,0.3283,0.1443
ENSG00000253853.2,,,0.3336,0.1124,0.0000,0.1069,0.5425
ENSG00000156575.2,,,0.3333,0.4304,0.0000,0.2593,0.2946
ENSG00000183598.3,,,0.3313,0.0000,0.0000,0.5288,0.0452
ENSG00000244509.4,,,0.3308,0.6487,0.0000,0.2779,0.2123
ENSG00000179431.7,,,0.3290,0.2558,0.1136,0.0120,0.6394
ENSG00000124357.13,,,0.3288,0.1507,0.0000,0.5867,0.0047
ENSG00000196747.4,,,0.3287,0.5301,0.0000,0.3467,0.2487
ENSG00000169877.10,,,0.3274,0.4623,0.0000,0.2980,0.3258
ENSG00000148291.10,,,0.3268,0.0000,0.0000,0.5792,0.0269
ENSG00000187474.5,,,0.3266,0.1163,0.0000,0.4028,0.2519
ENSG00000248690.8,,,0.3250,0.0416,0.0000,0.0075,0.5080
ENSG00000090339.9,,,0.3247,0.3852,0.0000,0.0458,0.5931
ENSG00000231768.2,,,0.3231,0.8617,0.0000,0.4388,0.0999
ENSG00000159496.14,,,0.3224,0.5261,0.0000,0.2985,0.2404
ENSG00000259895.1,,,0.3223,0.1630,0.0000,0.0610,0.4995
ENSG00000134827.8,,,0.3218,0.4539,0.0000,0.3000,0.3272
ENSG00000186564.5,,,0.3216,0.0303,0.0000,0.3940,0.0697
ENSG00000161513.12,,,0.3208,0.1498,0.0000,0.3008,0.2744
ENSG00000168389.17,,,0.3206,0.2462,0.0000,0.0047,0.6161
ENSG00000152778.9,,,0.3200,0.0000,0.0000,0.2585,0.1989
ENSG00000159164.10,,,0.3171,0.0486,0.0000,0.4905,0.0296
ENSG00000007908.16,,,0.3170,0.0000,0.0000,0.0267,0.6347
ENSG00000118946.12,,,0.3153,0.0718,0.0000,0.0013,0.6481
ENSG00000196811.13,,,0.3142,0.0338,0.0000,0.4378,0.0661
ENSG00000092036.18,,,0.3141,0.0000,0.0000,0.4873,0.0095
ENSG00000134955.11,,,0.3133,0.2268,0.0076,0.4384,0.2258
ENSG00000110063.10,,,0.3120,0.0069,0.0000,0.5299,0.0004
ENSG00000113739.10,,,0.3115,0.0784,0.1774,0.0002,0.6454
ENSG00000188827.11,,,0.3113,0.5593,0.0000,0.1268,0.3930
ENSG00000112232.9,,,0.3094,0.0620,0.0000,0.6080,0.0039
ENSG00000164985.15,,,0.3089,0.0000,0.0000,0.4048,0.1422
ENSG00000239887.6,,,0.3088,0.1063,0.4620,0.2554,0.2473
ENSG00000251600.8,,,0.3046,0.0921,0.0000,0.5318,0.0164
ENSG00000277775.1,,,0.3039,0.6066,0.0000,0.4121,0.1849
ENSG00000197535.14,,,0.3037,0.2723,0.0000,0.2737,0.4001
ENSG00000236320.3,,,0.3034,0.5231,0.0000,0.2986,0.3526
ENSG00000244194.3,,,0.3014,0.1588,0.0000,0.3999,0.0659
ENSG00000166682.13,,,0.3010,0.0506,0.0000,0.0316,0.5398
ENSG00000259883.2,,,0.2949,0.2573,0.0000,0.0589,0.6306
ENSG00000229358.3,,,0.2940,0.0000,0.0000,0.3521,0.2198
ENSG00000122254.7,,,0.2933,0.3432,0.0000,0.0218,0.6311
ENSG00000099985.4,,,0.2920,0.7956,0.0000,0.4394,0.0401
ENSG00000276903.1,,,0.2918,0.5494,0.0000,0.4103,0.1975
ENSG00000137491.15,,,0.2905,0.3341,0.0000,0.3950,0.2959
ENSG00000155660.11,,,0.2903,0.0813,0.1257,0.2835,0.2825
ENSG00000104368.18,,,0.2895,0.3117,0.0000,0.0599,0.6222
ENSG00000124575.6,,,0.2890,0.4198,0.0000,0.4161,0.2216
ENSG00000164211.13,,,0.2889,0.2417,0.0000,0.0745,0.6156
ENSG00000223802.7,,,0.2888,0.3366,0.0587,0.1112,0.5826
ENSG00000160014.17,,,0.2854,0.6270,0.0000,0.4701,0.0723
ENSG00000178226.11,,,0.2842,0.0373,0.0000,0.2367,0.1624
ENSG00000159055.4,,,0.2841,0.4338,0.0000,0.2430,0.2629
ENSG00000124469.12,,,0.2831,0.2996,0.1540,0.3210,0.2836
ENSG00000136280.16,,,0.2829,0.3232,0.0000,0.5344,0.0280
ENSG00000135643.5,,,0.2823,0.3493,0.0000,0.1009,0.5664
ENSG00000256029.6,,,0.2820,0.5578,0.0000,0.2819,0.1503
ENSG00000275700.5,,,0.2810,0.2514,0.0000,0.5746,0.0010
ENSG00000286646.1,,,0.2791,0.1233,0.0000,0.5245,0.0089
ENSG00000196126.11,,,0.2744,0.5178,0.0000,0.2888,0.4312
ENSG00000172548.14,,,0.2717,0.7995,0.0000,0.4335,0.1737
ENSG00000145088.9,,,0.2716,0.3283,0.0000,0.5491,0.0273
ENSG00000095739.11,,,0.2704,0.3992,0.0000,0.0051,0.7047
ENSG00000104549.12,,,0.2693,0.4660,0.0438,0.5008,0.1372
ENSG00000143851.15,,,0.2676,0.7689,0.2175,0.4172,0.2186
ENSG00000242614.3,,,0.2654,0.0000,0.0463,0.2859,0.1544
ENSG00000134285.11,,,0.2651,0.3177,0.0985,0.4136,0.1816
ENSG00000276966.2,,,0.2647,0.4727,0.0000,0.4216,0.1957
ENSG00000113273.17,,,0.2620,0.3215,0.2717,0.6114,0.0015
ENSG00000249119.1,,,0.2620,0.0363,0.0000,0.1430,0.0006
ENSG00000144893.12,,,0.2620,0.0869,0.3349,0.5292,0.0529
ENSG00000213983.12,,,0.2617,0.4520,0.0000,0.5773,0.0029
ENSG00000239627.3,,,0.2612,0.6084,0.0000,0.3538,0.1182
ENSG00000109265.14,,,0.2605,0.4817,0.0073,0.3684,0.2522
ENSG00000090530.10,,,0.2599,0.5641,0.0840,0.0430,0.6635
ENSG00000087088.20,,,0.2594,0.7767,0.0035,0.4192,0.1377
ENSG00000164649.20,,,0.2577,0.2918,0.1006,0.2833,0.3699
ENSG00000165246.14,,,0.2564,0.0961,0.0047,0.0066,0.1481
ENSG00000096006.11,,,0.2527,0.4389,0.0000,0.4190,0.2720
ENSG00000274997.1,,,0.2519,0.5181,0.0000,0.4303,0.2145
ENSG00000204632.11,,,0.2505,0.5380,0.0475,0.3748,0.2304
ENSG00000091651.9,,,0.2467,0.4554,0.0000,0.2342,0.3985
ENSG00000152229.18,,,0.2225,0.4007,0.0000,0.3699,0.1983
ENSG00000073111.14,,,0.2209,0.4161,0.0000,0.4198,0.2271
ENSG00000163171.7,,,0.2203,0.8870,0.0000,0.0833,0.6317
ENSG00000126262.4,,,0.2192,0.7225,0.0000,0.5571,0.0004
ENSG00000105011.9,,,0.2176,0.4236,0.0000,0.4218,0.2484
ENSG00000102145.14,,,0.2173,0.5121,0.0000,0.4517,0.2654
ENSG00000177054.14,,,0.2043,0.1025,0.0000,0.3788,0.1914
ENSG00000205578.6,,,0.2030,0.0000,0.0000,0.0378,0.2734
